embargo_sessions,fold,horizon_minutes,model,reference,loss,n_forecasts,n_sessions,mean_difference,ci_lower,ci_upper,confidence,n_resamples,status
0,0,5,hmm_current,raw_knn,absolute_error,5255,124,2.069359840983374e-06,-5.150923349048602e-07,4.6614395401819095e-06,0.95,1000,ok
0,0,5,hmm_current,raw_knn,brier,5255,124,0.000346260704091342,-0.002593724323282013,0.003007454372623574,0.95,1000,ok
0,0,5,hmm_current,raw_knn,squared_error,5255,124,4.949132713065482e-09,4.133198205737053e-10,9.661430338297145e-09,0.95,1000,ok
0,0,5,hmm_trajectory,raw_knn,absolute_error,5255,124,1.089188481381195e-06,-1.6022464605443193e-06,3.998353299163136e-06,0.95,1000,ok
0,0,5,hmm_trajectory,raw_knn,brier,5255,124,0.0006101617507136065,-0.0019370177093603843,0.003282257661502373,0.95,1000,ok
0,0,5,hmm_trajectory,raw_knn,squared_error,5255,124,1.893883953224794e-09,-2.3250212459683278e-09,6.665281655531249e-09,0.95,1000,ok
0,0,15,hmm_current,raw_knn,absolute_error,5255,124,2.9756173234483035e-07,-4.9491947356307965e-06,5.7185850435030705e-06,0.95,1000,ok
0,0,15,hmm_current,raw_knn,brier,5255,124,-0.0003701617507136068,-0.003616969601231896,0.002867910694978376,0.95,1000,ok
0,0,15,hmm_current,raw_knn,squared_error,5255,124,1.9934340575430483e-09,-1.1002182318237564e-08,1.5406904386117798e-08,0.95,1000,ok
0,0,15,hmm_trajectory,raw_knn,absolute_error,5255,124,-1.1050116847922156e-06,-8.681387884459151e-06,6.254375019043036e-06,0.95,1000,ok
0,0,15,hmm_trajectory,raw_knn,brier,5255,124,-0.002164414843006661,-0.005314026682372847,0.0008653208437238296,0.95,1000,ok
0,0,15,hmm_trajectory,raw_knn,squared_error,5255,124,-6.60814040704188e-10,-2.378769736781149e-08,2.1541251237138025e-08,0.95,1000,ok
0,0,30,hmm_current,raw_knn,absolute_error,5255,124,6.185386296146444e-06,-5.472160985266493e-06,1.763938383283262e-05,0.95,1000,ok
0,0,30,hmm_current,raw_knn,brier,5255,124,0.0014618458610846806,-0.0029482339834958726,0.005482907450726514,0.95,1000,ok
0,0,30,hmm_current,raw_knn,squared_error,5255,124,-3.923837542660877e-09,-6.029699586833455e-08,5.213659011576902e-08,0.95,1000,ok
0,0,30,hmm_trajectory,raw_knn,absolute_error,5255,124,-1.919755739879947e-06,-1.615724564877536e-05,1.045725797473568e-05,0.95,1000,ok
0,0,30,hmm_trajectory,raw_knn,brier,5255,124,-0.0021327497621313036,-0.006882511378950275,0.002169770277668865,0.95,1000,ok
0,0,30,hmm_trajectory,raw_knn,squared_error,5255,124,-9.008607230402756e-09,-6.580291237596583e-08,4.4602866807312227e-08,0.95,1000,ok
0,0,60,hmm_current,raw_knn,absolute_error,5255,124,-4.556645065640817e-06,-3.340767192040054e-05,2.0534004138640572e-05,0.95,1000,ok
0,0,60,hmm_current,raw_knn,brier,5255,124,-0.002103063748810656,-0.008618478205577571,0.004146125914447212,0.95,1000,ok
0,0,60,hmm_current,raw_knn,squared_error,5255,124,-1.0555451076021021e-07,-2.9275422813728864e-07,4.817562429532979e-08,0.95,1000,ok
0,0,60,hmm_trajectory,raw_knn,absolute_error,5255,124,-4.744180138560404e-06,-3.53352750462266e-05,2.083066055430403e-05,0.95,1000,ok
0,0,60,hmm_trajectory,raw_knn,brier,5255,124,-0.0008569362511893425,-0.007607578251036892,0.0051657940021955446,0.95,1000,ok
0,0,60,hmm_trajectory,raw_knn,squared_error,5255,124,-1.512894797677286e-07,-3.732545612579717e-07,2.0005277148099458e-08,0.95,1000,ok
0,1,5,hmm_current,raw_knn,absolute_error,1801,42,1.7150241876183576e-06,-3.110841195694566e-06,7.034386736140419e-06,0.95,1000,ok
0,1,5,hmm_current,raw_knn,brier,1801,42,-0.0010323153803442537,-0.006167105878228351,0.003810484088758367,0.95,1000,ok
0,1,5,hmm_current,raw_knn,squared_error,1801,42,4.494813954399575e-09,-3.0178150492612246e-09,1.2991314646289551e-08,0.95,1000,ok
0,1,5,hmm_trajectory,raw_knn,absolute_error,1801,42,9.478838124944877e-07,-4.511331857160462e-06,6.587236098047478e-06,0.95,1000,ok
0,1,5,hmm_trajectory,raw_knn,brier,1801,42,5.996668517492089e-06,-0.004471498919710836,0.004675330996513939,0.95,1000,ok
0,1,5,hmm_trajectory,raw_knn,squared_error,1801,42,1.333391393606204e-09,-6.1375816959036005e-09,8.71684574339651e-09,0.95,1000,ok
0,1,15,hmm_current,raw_knn,absolute_error,1801,42,-2.060783840454764e-06,-1.4344709930158273e-05,1.0478962476887806e-05,0.95,1000,ok
0,1,15,hmm_current,raw_knn,brier,1801,42,-0.0028975013881177127,-0.008877159468438539,0.0032616877656436853,0.95,1000,ok
0,1,15,hmm_current,raw_knn,squared_error,1801,42,-8.202057579880772e-09,-3.770469030882153e-08,1.9394398750594924e-08,0.95,1000,ok
0,1,15,hmm_trajectory,raw_knn,absolute_error,1801,42,2.0016716433806896e-07,-1.582644092515587e-05,1.5702041786192802e-05,0.95,1000,ok
0,1,15,hmm_trajectory,raw_knn,brier,1801,42,-0.003320377568017767,-0.009185995873982408,0.00216211122289284,0.95,1000,ok
0,1,15,hmm_trajectory,raw_knn,squared_error,1801,42,-6.896812936700537e-10,-5.308972219956397e-08,4.8433373502944676e-08,0.95,1000,ok
0,1,30,hmm_current,raw_knn,absolute_error,1801,42,9.67886594070369e-06,-1.8436546786110463e-05,3.6963556581443936e-05,0.95,1000,ok
0,1,30,hmm_current,raw_knn,brier,1801,42,0.00033314825097168144,-0.008513705671434705,0.009287043429844094,0.95,1000,ok
0,1,30,hmm_current,raw_knn,squared_error,1801,42,-1.5572169943972764e-08,-1.6428523609170836e-07,1.2307990968054187e-07,0.95,1000,ok
0,1,30,hmm_trajectory,raw_knn,absolute_error,1801,42,6.111192143123043e-06,-2.167806993850498e-05,3.1873490587714615e-05,0.95,1000,ok
0,1,30,hmm_trajectory,raw_knn,brier,1801,42,-0.0007888950583009465,-0.009015639444187217,0.006875629175946543,0.95,1000,ok
0,1,30,hmm_trajectory,raw_knn,squared_error,1801,42,9.63188712820122e-10,-1.2967868621767098e-07,1.3364112929450956e-07,0.95,1000,ok
0,1,60,hmm_current,raw_knn,absolute_error,1801,42,-3.4723385442458535e-05,-0.00010664245259834994,2.7803116260120808e-05,0.95,1000,ok
0,1,60,hmm_current,raw_knn,brier,1801,42,-0.0060486396446418665,-0.01951197588850901,0.006612931723172351,0.95,1000,ok
0,1,60,hmm_current,raw_knn,squared_error,1801,42,-3.1621261487644786e-07,-8.252117814122296e-07,1.241028404638443e-07,0.95,1000,ok
0,1,60,hmm_trajectory,raw_knn,absolute_error,1801,42,-1.4237725701803249e-05,-8.157414765808288e-05,4.798954975570696e-05,0.95,1000,ok
0,1,60,hmm_trajectory,raw_knn,brier,1801,42,-0.0026376457523598,-0.015083389589762792,0.009589966685174905,0.95,1000,ok
0,1,60,hmm_trajectory,raw_knn,squared_error,1801,42,-3.215080234248041e-07,-8.622738284733973e-07,1.8362927137575238e-07,0.95,1000,ok
0,2,5,hmm_current,raw_knn,absolute_error,1763,41,2.69221620727256e-06,-2.395391491150066e-06,8.265302586051526e-06,0.95,1000,ok
0,2,5,hmm_current,raw_knn,brier,1763,41,0.000300850822461712,-0.004237385138967667,0.004741752694271125,0.95,1000,ok
0,2,5,hmm_current,raw_knn,squared_error,1763,41,8.887985252148507e-09,-1.059435872110363e-09,2.0468424394958385e-08,0.95,1000,ok
0,2,5,hmm_trajectory,raw_knn,absolute_error,1763,41,8.41240016640637e-07,-4.260670617629579e-06,6.651902083039935e-06,0.95,1000,ok
0,2,5,hmm_trajectory,raw_knn,brier,1763,41,-0.0001633579126488954,-0.004352274532047646,0.0037109982983550742,0.95,1000,ok
0,2,5,hmm_trajectory,raw_knn,squared_error,1763,41,4.421121055259048e-09,-4.72488502558513e-09,1.63735896417009e-08,0.95,1000,ok
0,2,15,hmm_current,raw_knn,absolute_error,1763,41,2.190233778856938e-06,-6.509595849670272e-06,1.0328776915374677e-05,0.95,1000,ok
0,2,15,hmm_current,raw_knn,brier,1763,41,0.002276120249574589,-0.002752297220646622,0.00735730572887124,0.95,1000,ok
0,2,15,hmm_current,raw_knn,squared_error,1763,41,1.0094712677828555e-08,-1.0668259957220226e-08,3.342472886660112e-08,0.95,1000,ok
0,2,15,hmm_trajectory,raw_knn,absolute_error,1763,41,1.3153420385444588e-06,-9.733063231920486e-06,1.3471595268547711e-05,0.95,1000,ok
0,2,15,hmm_trajectory,raw_knn,brier,1763,41,0.0006153148043108337,-0.003761559841179807,0.0056790357345433895,0.95,1000,ok
0,2,15,hmm_trajectory,raw_knn,squared_error,1763,41,9.421640250759589e-09,-1.852993065373122e-08,4.757443007489092e-08,0.95,1000,ok
0,2,30,hmm_current,raw_knn,absolute_error,1763,41,2.811102116263726e-06,-1.4276435190433114e-05,1.9226548803271333e-05,0.95,1000,ok
0,2,30,hmm_current,raw_knn,brier,1763,41,0.00024957458876914305,-0.006634112308564944,0.00718033465683494,0.95,1000,ok
0,2,30,hmm_current,raw_knn,squared_error,1763,41,-2.5305152925861115e-09,-7.057879251454676e-08,6.412702733397934e-08,0.95,1000,ok
0,2,30,hmm_trajectory,raw_knn,absolute_error,1763,41,-7.999169225177178e-06,-3.240446789039396e-05,1.91855203442135e-05,0.95,1000,ok
0,2,30,hmm_trajectory,raw_knn,brier,1763,41,-0.004265229722064662,-0.012005774248440158,0.004095836642087347,0.95,1000,ok
0,2,30,hmm_trajectory,raw_knn,squared_error,1763,41,-1.0292322933040157e-08,-9.276129295326772e-08,8.55115768959386e-08,0.95,1000,ok
0,2,60,hmm_current,raw_knn,absolute_error,1763,41,1.2483346639649973e-05,-2.5200793243108764e-05,4.385160763824108e-05,0.95,1000,ok
0,2,60,hmm_current,raw_knn,brier,1763,41,0.0018316505955757254,-0.008653142370958588,0.011041395348837212,0.95,1000,ok
0,2,60,hmm_current,raw_knn,squared_error,1763,41,-2.504307439220961e-08,-1.6766736046329862e-07,1.0801241373833832e-07,0.95,1000,ok
0,2,60,hmm_trajectory,raw_knn,absolute_error,1763,41,-1.0559763277043085e-05,-5.827949816857601e-05,2.726975811762379e-05,0.95,1000,ok
0,2,60,hmm_trajectory,raw_knn,brier,1763,41,-0.001956211003970504,-0.011992909812819055,0.006946863301191151,0.95,1000,ok
0,2,60,hmm_trajectory,raw_knn,squared_error,1763,41,-1.2555388004946477e-07,-3.6745560084489256e-07,5.107576482997963e-08,0.95,1000,ok
0,3,5,hmm_current,raw_knn,absolute_error,1691,41,1.7973685565023333e-06,-1.072533146136372e-06,4.650946396648298e-06,0.95,1000,ok
0,3,5,hmm_current,raw_knn,brier,1691,41,0.0018618568894145488,-0.0028593314276302503,0.0069226035435511635,0.95,1000,ok
0,3,5,hmm_current,raw_knn,squared_error,1691,41,1.3264426231505857e-09,-1.1159924098138376e-09,4.126970525276908e-09,0.95,1000,ok
0,3,5,hmm_trajectory,raw_knn,absolute_error,1691,41,1.498190759324757e-06,-1.7065251149312256e-06,4.501638893198241e-06,0.95,1000,ok
0,3,5,hmm_trajectory,raw_knn,brier,1691,41,0.002060082791247783,-0.003117056113345042,0.006974516386573336,0.95,1000,ok
0,3,5,hmm_trajectory,raw_knn,squared_error,1691,41,-1.440060000651604e-10,-2.440073053046883e-09,2.0881109115192043e-09,0.95,1000,ok
0,3,15,hmm_current,raw_knn,absolute_error,1691,41,8.360594015412962e-07,-6.595649808381338e-06,8.409139899520681e-06,0.95,1000,ok
0,3,15,hmm_current,raw_knn,brier,1691,41,-0.0004373743347131901,-0.006723897836901715,0.005575717900243017,0.95,1000,ok
0,3,15,hmm_current,raw_knn,squared_error,1691,41,4.405927393697364e-09,-7.492691132691355e-09,1.7081980897342076e-08,0.95,1000,ok
0,3,15,hmm_trajectory,raw_knn,absolute_error,1691,41,-5.01850117120629e-06,-1.3528546546792782e-05,3.067649496093233e-06,0.95,1000,ok
0,3,15,hmm_trajectory,raw_knn,brier,1691,41,-0.0038313424009461857,-0.008988398391172072,0.001548562497667236,0.95,1000,ok
0,3,15,hmm_trajectory,raw_knn,squared_error,1691,41,-1.114181758491419e-08,-2.972540934290499e-08,2.865900428831201e-09,0.95,1000,ok
0,3,30,hmm_current,raw_knn,absolute_error,1691,41,5.982610523991287e-06,-4.558863532360126e-06,1.712776265492345e-05,0.95,1000,ok
0,3,30,hmm_current,raw_knn,brier,1691,41,0.003927853341218212,-0.002537656189422945,0.009915433868046261,0.95,1000,ok
0,3,30,hmm_current,raw_knn,squared_error,1691,41,7.029574360284651e-09,-2.0434388754669852e-08,2.8666808802034186e-08,0.95,1000,ok
0,3,30,hmm_trajectory,raw_knn,absolute_error,1691,41,-4.13485400286597e-06,-1.693478664568176e-05,9.282726941822837e-06,0.95,1000,ok
0,3,30,hmm_trajectory,raw_knn,brier,1691,41,-0.0013407451212300399,-0.008375084101108501,0.005938598113175889,0.95,1000,ok
0,3,30,hmm_trajectory,raw_knn,squared_error,1691,41,-1.8290696946543884e-08,-4.259046501250378e-08,4.940216469701296e-09,0.95,1000,ok
0,3,60,hmm_current,raw_knn,absolute_error,1691,41,9.806923262106699e-06,-1.1343811303596993e-05,3.0632469633505594e-05,0.95,1000,ok
0,3,60,hmm_current,raw_knn,brier,1691,41,-0.0020030751034890593,-0.010752791712462838,0.006742475070223558,0.95,1000,ok
0,3,60,hmm_current,raw_knn,squared_error,1691,41,3.4867478120073006e-08,-2.969907571367361e-08,1.0568973204417394e-07,0.95,1000,ok
0,3,60,hmm_trajectory,raw_knn,absolute_error,1691,41,1.1430124197658004e-05,-1.2038891513572029e-05,3.5533760133773444e-05,0.95,1000,ok
0,3,60,hmm_trajectory,raw_knn,brier,1691,41,0.00218568894145476,-0.00730867783288139,0.012425390427134943,0.95,1000,ok
0,3,60,hmm_trajectory,raw_knn,squared_error,1691,41,3.170446206898355e-09,-9.164136125767905e-08,8.424256864258127e-08,0.95,1000,ok
1,0,5,hmm_current,raw_knn,absolute_error,5255,124,1.8910976410069944e-06,-8.213936686531519e-07,4.599577524157668e-06,0.95,1000,ok
1,0,5,hmm_current,raw_knn,brier,5255,124,9.103710751665147e-05,-0.0026983811922794134,0.002773983378598587,0.95,1000,ok
1,0,5,hmm_current,raw_knn,squared_error,5255,124,4.5253669704636215e-09,2.3503885311982174e-10,9.338086463487277e-09,0.95,1000,ok
1,0,5,hmm_trajectory,raw_knn,absolute_error,5255,124,1.3782551952544015e-06,-1.3963064076320282e-06,4.155797771431215e-06,0.95,1000,ok
1,0,5,hmm_trajectory,raw_knn,brier,5255,124,0.0008370694576593723,-0.0018925005613619644,0.00329636613499919,0.95,1000,ok
1,0,5,hmm_trajectory,raw_knn,squared_error,5255,124,2.557134836727563e-09,-1.925586019373641e-09,7.412770037071785e-09,0.95,1000,ok
1,0,15,hmm_current,raw_knn,absolute_error,5255,124,-5.456861231426162e-08,-5.420262976333258e-06,5.615199920851093e-06,0.95,1000,ok
1,0,15,hmm_current,raw_knn,brier,5255,124,-0.0002889438629876322,-0.003665433162658755,0.0030037730916191,0.95,1000,ok
1,0,15,hmm_current,raw_knn,squared_error,5255,124,-9.728648719236094e-10,-1.4809172521977038e-08,1.2526937193505648e-08,0.95,1000,ok
1,0,15,hmm_trajectory,raw_knn,absolute_error,5255,124,-1.1405494107379245e-06,-8.946125833353224e-06,5.8486135770465985e-06,0.95,1000,ok
1,0,15,hmm_trajectory,raw_knn,brier,5255,124,-0.0020557183634633673,-0.005403680921904568,0.0010433855930418912,0.95,1000,ok
1,0,15,hmm_trajectory,raw_knn,squared_error,5255,124,-1.5582246955740147e-09,-2.436429726292596e-08,1.8775993894303242e-08,0.95,1000,ok
1,0,30,hmm_current,raw_knn,absolute_error,5255,124,5.498548599908936e-06,-6.822589617882442e-06,1.7824541685093655e-05,0.95,1000,ok
1,0,30,hmm_current,raw_knn,brier,5255,124,0.0013676117982873452,-0.003401494702002841,0.005575352425952426,0.95,1000,ok
1,0,30,hmm_current,raw_knn,squared_error,5255,124,-7.949939377014297e-09,-6.13150953494374e-08,4.658012858936967e-08,0.95,1000,ok
1,0,30,hmm_trajectory,raw_knn,absolute_error,5255,124,-1.2304533961339553e-06,-1.491314323244487e-05,1.227320535061001e-05,0.95,1000,ok
1,0,30,hmm_trajectory,raw_knn,brier,5255,124,-0.0019346146527117046,-0.006620495358143584,0.0027286663291915566,0.95,1000,ok
1,0,30,hmm_trajectory,raw_knn,squared_error,5255,124,-5.378700324536532e-09,-5.3584627475666436e-08,4.989855589173695e-08,0.95,1000,ok
1,0,60,hmm_current,raw_knn,absolute_error,5255,124,-5.270929911735482e-06,-3.6788465191958516e-05,2.1588902357558165e-05,0.95,1000,ok
1,0,60,hmm_current,raw_knn,brier,5255,124,-0.002967078972407232,-0.009594785983171813,0.0037102792113638933,0.95,1000,ok
1,0,60,hmm_current,raw_knn,squared_error,5255,124,-1.107071416685825e-07,-3.2528317866615197e-07,6.597093899326039e-08,0.95,1000,ok
1,0,60,hmm_trajectory,raw_knn,absolute_error,5255,124,-4.244813613215142e-06,-3.6811421168835325e-05,2.3599411695477774e-05,0.95,1000,ok
1,0,60,hmm_trajectory,raw_knn,brier,5255,124,-0.001691189343482397,-0.008509405972222724,0.005394825105108383,0.95,1000,ok
1,0,60,hmm_trajectory,raw_knn,squared_error,5255,124,-1.478418941015191e-07,-3.8562734591424776e-07,5.130703633745271e-08,0.95,1000,ok
1,1,5,hmm_current,raw_knn,absolute_error,1801,42,1.3671370379172026e-06,-3.6554503102419053e-06,6.371501100111528e-06,0.95,1000,ok
1,1,5,hmm_current,raw_knn,brier,1801,42,-0.00149117157134925,-0.0064798745828678,0.0035234883720930217,0.95,1000,ok
1,1,5,hmm_current,raw_knn,squared_error,1801,42,3.199988446248936e-09,-3.951916395708862e-09,1.1500221344691324e-08,0.95,1000,ok
1,1,5,hmm_trajectory,raw_knn,absolute_error,1801,42,1.8839343074698883e-06,-3.525876677112723e-06,7.542494702160451e-06,0.95,1000,ok
1,1,5,hmm_trajectory,raw_knn,brier,1801,42,0.000965463631315937,-0.0035673592682298446,0.005117179021990367,0.95,1000,ok
1,1,5,hmm_trajectory,raw_knn,squared_error,1801,42,3.2404788512701135e-09,-4.265290069808369e-09,1.2053712635938424e-08,0.95,1000,ok
1,1,15,hmm_current,raw_knn,absolute_error,1801,42,-3.2088311691477534e-06,-1.621489154941128e-05,9.566686748034734e-06,0.95,1000,ok
1,1,15,hmm_current,raw_knn,brier,1801,42,-0.0033408106607440346,-0.009529649502583467,0.002174790583304579,0.95,1000,ok
1,1,15,hmm_current,raw_knn,squared_error,1801,42,-1.3383561128217842e-08,-4.659147299629856e-08,2.02663601585433e-08,0.95,1000,ok
1,1,15,hmm_trajectory,raw_knn,absolute_error,1801,42,-1.1259223567179882e-08,-1.7524095939480265e-05,1.6456739908978226e-05,0.95,1000,ok
1,1,15,hmm_trajectory,raw_knn,brier,1801,42,-0.003096057745696836,-0.009443639312600413,0.0027991805094130656,0.95,1000,ok
1,1,15,hmm_trajectory,raw_knn,squared_error,1801,42,-3.0346093139324615e-09,-6.109315133566649e-08,5.013270756514221e-08,0.95,1000,ok
1,1,30,hmm_current,raw_knn,absolute_error,1801,42,7.122977438802462e-06,-2.270702110874981e-05,3.73099770974152e-05,0.95,1000,ok
1,1,30,hmm_current,raw_knn,brier,1801,42,-8.573014991671089e-05,-0.009110113143122774,0.008909486089000634,0.95,1000,ok
1,1,30,hmm_current,raw_knn,squared_error,1801,42,-2.9325446824779072e-08,-1.6864393962437125e-07,1.1088097820301095e-07,0.95,1000,ok
1,1,30,hmm_trajectory,raw_knn,absolute_error,1801,42,7.063020873357126e-06,-1.8621103871404838e-05,3.2199950418456075e-05,0.95,1000,ok
1,1,30,hmm_trajectory,raw_knn,brier,1801,42,-0.0005319267073847869,-0.008959374867835119,0.008170859701420957,0.95,1000,ok
1,1,30,hmm_trajectory,raw_knn,squared_error,1801,42,5.879689742816987e-09,-1.1527166686111501e-07,1.2864963743239564e-07,0.95,1000,ok
1,1,60,hmm_current,raw_knn,absolute_error,1801,42,-3.481413248540566e-05,-0.00011796495075525241,3.3955997859502936e-05,0.95,1000,ok
1,1,60,hmm_current,raw_knn,brier,1801,42,-0.006891060521932262,-0.023529591395422836,0.007455191560244308,0.95,1000,ok
1,1,60,hmm_current,raw_knn,squared_error,1801,42,-3.3431212882310805e-07,-9.358513124589655e-07,1.248357558232316e-07,0.95,1000,ok
1,1,60,hmm_trajectory,raw_knn,absolute_error,1801,42,-1.1068820815878687e-05,-9.366780915970668e-05,5.397626205384834e-05,0.95,1000,ok
1,1,60,hmm_trajectory,raw_knn,brier,1801,42,-0.0035884508606329807,-0.019648056131275744,0.010885030538589677,0.95,1000,ok
1,1,60,hmm_trajectory,raw_knn,squared_error,1801,42,-3.1722058236721745e-07,-9.040753994677207e-07,1.9800963146430235e-07,0.95,1000,ok
1,2,5,hmm_current,raw_knn,absolute_error,1763,41,2.486923021954457e-06,-2.4259635413737697e-06,7.874894665737203e-06,0.95,1000,ok
1,2,5,hmm_current,raw_knn,brier,1763,41,0.0003396483267158251,-0.004247192285876346,0.004625757231990923,0.95,1000,ok
1,2,5,hmm_current,raw_knn,squared_error,1763,41,8.733373100491717e-09,-1.4172280668004747e-09,1.9215743580493767e-08,0.95,1000,ok
1,2,5,hmm_trajectory,raw_knn,absolute_error,1763,41,9.199514252030328e-07,-4.059539540695028e-06,6.544478188146525e-06,0.95,1000,ok
1,2,5,hmm_trajectory,raw_knn,brier,1763,41,-9.415768576290408e-05,-0.004022410663641519,0.003784520703346567,0.95,1000,ok
1,2,5,hmm_trajectory,raw_knn,squared_error,1763,41,4.41437813648058e-09,-4.816971836371582e-09,1.5365422270782928e-08,0.95,1000,ok
1,2,15,hmm_current,raw_knn,absolute_error,1763,41,1.7332510412856794e-06,-6.022087291633959e-06,1.0343836396014489e-05,0.95,1000,ok
1,2,15,hmm_current,raw_knn,brier,1763,41,0.002250028360748723,-0.0025306636415201324,0.007125666477595006,0.95,1000,ok
1,2,15,hmm_current,raw_knn,squared_error,1763,41,7.03701493486494e-09,-1.2769644083001834e-08,3.088581088228335e-08,0.95,1000,ok
1,2,15,hmm_trajectory,raw_knn,absolute_error,1763,41,1.8702502133513523e-06,-9.29272116839782e-06,1.4045300752700147e-05,0.95,1000,ok
1,2,15,hmm_trajectory,raw_knn,brier,1763,41,0.0008803176403857063,-0.003838343732274531,0.005900839478162226,0.95,1000,ok
1,2,15,hmm_trajectory,raw_knn,squared_error,1763,41,9.763883803530319e-09,-2.0324921785108674e-08,4.6161890825883896e-08,0.95,1000,ok
1,2,30,hmm_current,raw_knn,absolute_error,1763,41,4.162621514163036e-06,-1.3664952782945588e-05,2.0516193661928485e-05,0.95,1000,ok
1,2,30,hmm_current,raw_knn,brier,1763,41,0.00036142938173567744,-0.005908326715825298,0.006955649461145772,0.95,1000,ok
1,2,30,hmm_current,raw_knn,squared_error,1763,41,-4.6081231835413105e-10,-6.660456212851196e-08,7.573558559654631e-08,0.95,1000,ok
1,2,30,hmm_trajectory,raw_knn,absolute_error,1763,41,-5.9205863418972925e-06,-3.0503597707550604e-05,1.8424244956099406e-05,0.95,1000,ok
1,2,30,hmm_trajectory,raw_knn,brier,1763,41,-0.003496993760635281,-0.011229325014180374,0.004344061259217242,0.95,1000,ok
1,2,30,hmm_trajectory,raw_knn,squared_error,1763,41,-2.99918392440796e-09,-8.83768581623266e-08,8.361040226689748e-08,0.95,1000,ok
1,2,60,hmm_current,raw_knn,absolute_error,1763,41,1.277145131264976e-05,-2.434512480842539e-05,4.603333704697215e-05,0.95,1000,ok
1,2,60,hmm_current,raw_knn,brier,1763,41,0.0017250141803743634,-0.008944764605785591,0.011499909245604087,0.95,1000,ok
1,2,60,hmm_current,raw_knn,squared_error,1763,41,-1.812400784873007e-08,-1.4516748976990138e-07,1.0748165850352427e-07,0.95,1000,ok
1,2,60,hmm_trajectory,raw_knn,absolute_error,1763,41,-9.669478088333413e-06,-5.295209328610837e-05,2.922933020512418e-05,0.95,1000,ok
1,2,60,hmm_trajectory,raw_knn,brier,1763,41,-0.0017799205899035734,-0.01165379466817924,0.007606415201361314,0.95,1000,ok
1,2,60,hmm_trajectory,raw_knn,squared_error,1763,41,-1.1471943090877585e-07,-3.2442547907325036e-07,6.15663936623771e-08,0.95,1000,ok
1,3,5,hmm_current,raw_knn,absolute_error,1691,41,1.8279473746287202e-06,-9.63270053263905e-07,4.821659211086312e-06,0.95,1000,ok
1,3,5,hmm_current,raw_knn,brier,1691,41,0.00151697220579539,-0.0035024647184570927,0.006779133636222338,0.95,1000,ok
1,3,5,hmm_current,raw_knn,squared_error,1691,41,1.5497856072886473e-09,-1.2397236291613658e-09,4.31125712616708e-09,0.95,1000,ok
1,3,5,hmm_trajectory,raw_knn,absolute_error,1691,41,1.3174991133504812e-06,-1.481526565946508e-06,4.348277321933058e-06,0.95,1000,ok
1,3,5,hmm_trajectory,raw_knn,brier,1691,41,0.0016712004730928443,-0.0035948807460490038,0.0065625872465828435,0.95,1000,ok
1,3,5,hmm_trajectory,raw_knn,squared_error,1691,41,-1.0698255396179457e-10,-2.232799475745621e-09,1.9427955304238578e-09,0.95,1000,ok
1,3,15,hmm_current,raw_knn,absolute_error,1691,41,1.4409374879580171e-06,-6.403918939570554e-06,8.870798718528655e-06,0.95,1000,ok
1,3,15,hmm_current,raw_knn,brier,1691,41,0.00031437019515079707,-0.006305731369742609,0.006338941328150555,0.95,1000,ok
1,3,15,hmm_current,raw_knn,squared_error,1691,41,3.894223157773432e-09,-8.402764535727908e-09,1.6881860397572153e-08,0.95,1000,ok
1,3,15,hmm_trajectory,raw_knn,absolute_error,1691,41,-5.482294747440412e-06,-1.4713035225948238e-05,2.4989612898620066e-06,0.95,1000,ok
1,3,15,hmm_trajectory,raw_knn,brier,1691,41,-0.004008752217622709,-0.00974417334077395,0.001344572191038631,0.95,1000,ok
1,3,15,hmm_trajectory,raw_knn,squared_error,1691,41,-1.1789986130380263e-08,-3.057588590237127e-08,2.734560223478387e-09,0.95,1000,ok
1,3,30,hmm_current,raw_knn,absolute_error,1691,41,5.161258897556946e-06,-5.709624377824876e-06,1.650960376686486e-05,0.95,1000,ok
1,3,30,hmm_current,raw_knn,brier,1691,41,0.003964518036664693,-0.003333204261458263,0.009972958766722906,0.95,1000,ok
1,3,30,hmm_current,raw_knn,squared_error,1691,41,7.0080487418541086e-09,-1.790743162807451e-08,2.9624199811641497e-08,0.95,1000,ok
1,3,30,hmm_trajectory,raw_knn,absolute_error,1691,41,-5.173589277844585e-06,-1.9178358402636635e-05,7.827101986974492e-06,0.95,1000,ok
1,3,30,hmm_trajectory,raw_knn,brier,1691,41,-0.0017996451803666469,-0.009049143251727197,0.005512525133057363,0.95,1000,ok
1,3,30,hmm_trajectory,raw_knn,squared_error,1691,41,-1.985028395832147e-08,-4.602745793330484e-08,2.2742900655304827e-09,0.95,1000,ok
1,3,60,hmm_current,raw_knn,absolute_error,1691,41,7.383469695945658e-06,-1.2387374775497954e-05,2.9645340268942215e-05,0.95,1000,ok
1,3,60,hmm_current,raw_knn,brier,1691,41,-0.003679716144293317,-0.012322762638814207,0.005509909245604083,0.95,1000,ok
1,3,60,hmm_current,raw_knn,squared_error,1691,41,3.091823795347569e-08,-3.8843205728703465e-08,1.034713491852786e-07,0.95,1000,ok
1,3,60,hmm_trajectory,raw_knn,absolute_error,1691,41,8.678734844283709e-06,-1.4253570720928335e-05,3.2306874578135965e-05,0.95,1000,ok
1,3,60,hmm_trajectory,raw_knn,brier,1691,41,0.00042199881726788567,-0.009562358733482655,0.010518060273676074,0.95,1000,ok
1,3,60,hmm_trajectory,raw_knn,squared_error,1691,41,-1.977840312213026e-09,-9.937631738361254e-08,8.290881917441526e-08,0.95,1000,ok
5,0,5,hmm_current,raw_knn,absolute_error,5255,124,1.8560992439889288e-06,-6.5403933781336e-07,4.235913180938872e-06,0.95,1000,ok
5,0,5,hmm_current,raw_knn,brier,5255,124,-0.0003316460513796375,-0.003407082703927493,0.002153964122533349,0.95,1000,ok
5,0,5,hmm_current,raw_knn,squared_error,5255,124,3.254765978520823e-09,-8.693930386018512e-10,7.60342148868009e-09,0.95,1000,ok
5,0,5,hmm_trajectory,raw_knn,absolute_error,5255,124,1.2747287120134014e-06,-1.4854363349623714e-06,3.7727689164069083e-06,0.95,1000,ok
5,0,5,hmm_trajectory,raw_knn,brier,5255,124,0.0005532254995242628,-0.0019478412085801966,0.0027232373596008225,0.95,1000,ok
5,0,5,hmm_trajectory,raw_knn,squared_error,5255,124,2.3384761818270136e-09,-2.0943538080666338e-09,6.817305940389503e-09,0.95,1000,ok
5,0,15,hmm_current,raw_knn,absolute_error,5255,124,-3.7411545168537637e-07,-6.0373581630067466e-06,5.42864117780821e-06,0.95,1000,ok
5,0,15,hmm_current,raw_knn,brier,5255,124,-0.0010302568981921986,-0.0047189317296012735,0.00268291304253824,0.95,1000,ok
5,0,15,hmm_current,raw_knn,squared_error,5255,124,-2.043653165197781e-09,-1.597283348310644e-08,1.107887706149628e-08,0.95,1000,ok
5,0,15,hmm_trajectory,raw_knn,absolute_error,5255,124,-1.4645950217913805e-06,-8.64268690721645e-06,5.578847655086185e-06,0.95,1000,ok
5,0,15,hmm_trajectory,raw_knn,brier,5255,124,-0.002327535680304471,-0.005644122117648965,0.0010261637208344933,0.95,1000,ok
5,0,15,hmm_trajectory,raw_knn,squared_error,5255,124,-3.785404803956227e-09,-2.358561894778512e-08,1.5927039097244832e-08,0.95,1000,ok
5,0,30,hmm_current,raw_knn,absolute_error,5255,124,4.349229212266846e-06,-7.267124581158918e-06,1.6417167128645357e-05,0.95,1000,ok
5,0,30,hmm_current,raw_knn,brier,5255,124,0.0014917602283539486,-0.0026840604513171367,0.005817204102640674,0.95,1000,ok
5,0,30,hmm_current,raw_knn,squared_error,5255,124,-1.019281493272624e-08,-6.550244143507735e-08,4.4536163402098615e-08,0.95,1000,ok
5,0,30,hmm_trajectory,raw_knn,absolute_error,5255,124,-3.6021035859433452e-06,-1.788922687556619e-05,8.619414075757811e-06,0.95,1000,ok
5,0,30,hmm_trajectory,raw_knn,brier,5255,124,-0.0018387821122740249,-0.006884352284423395,0.0026260884661894624,0.95,1000,ok
5,0,30,hmm_trajectory,raw_knn,squared_error,5255,124,-1.731320376021174e-08,-7.020030433772451e-08,3.390801566824636e-08,0.95,1000,ok
5,0,60,hmm_current,raw_knn,absolute_error,5255,124,-4.916320224024698e-06,-3.701579416373251e-05,2.157163676508515e-05,0.95,1000,ok
5,0,60,hmm_current,raw_knn,brier,5255,124,-0.002321294005708849,-0.01006270189927224,0.004237706507745306,0.95,1000,ok
5,0,60,hmm_current,raw_knn,squared_error,5255,124,-1.1226927987969854e-07,-3.2964144760759435e-07,5.727737471877326e-08,0.95,1000,ok
5,0,60,hmm_trajectory,raw_knn,absolute_error,5255,124,-7.317697015929088e-06,-4.011098231780947e-05,2.2134436708444067e-05,0.95,1000,ok
5,0,60,hmm_trajectory,raw_knn,brier,5255,124,-0.0018941960038058986,-0.009705340717101553,0.005074038936006169,0.95,1000,ok
5,0,60,hmm_trajectory,raw_knn,squared_error,5255,124,-1.7442940196824625e-07,-3.8969830189702317e-07,1.7174382892801196e-08,0.95,1000,ok
5,1,5,hmm_current,raw_knn,absolute_error,1801,42,2.219892008104974e-06,-2.1224332794890916e-06,6.7924518984134465e-06,0.95,1000,ok
5,1,5,hmm_current,raw_knn,brier,1801,42,-0.0018791782343142692,-0.0068855165425498735,0.0031479218288920454,0.95,1000,ok
5,1,5,hmm_current,raw_knn,squared_error,1801,42,1.5350279773755513e-09,-4.8213976865370185e-09,7.341146437849001e-09,0.95,1000,ok
5,1,5,hmm_trajectory,raw_knn,absolute_error,1801,42,2.200245036247862e-06,-3.561971132578204e-06,7.52030065761167e-06,0.95,1000,ok
5,1,5,hmm_trajectory,raw_knn,brier,1801,42,0.0008468628539700172,-0.003211196013289036,0.005317283955769991,0.95,1000,ok
5,1,5,hmm_trajectory,raw_knn,squared_error,1801,42,3.762982794674158e-09,-4.570042140824768e-09,1.2702165840114652e-08,0.95,1000,ok
5,1,15,hmm_current,raw_knn,absolute_error,1801,42,-3.1792238886031826e-06,-1.5186550485124776e-05,1.0213126034124552e-05,0.95,1000,ok
5,1,15,hmm_current,raw_knn,brier,1801,42,-0.004032648528595227,-0.010600294193815711,0.0024790724878228807,0.95,1000,ok
5,1,15,hmm_current,raw_knn,squared_error,1801,42,-1.7986374464080014e-08,-5.022565159739282e-08,1.5829648125016012e-08,0.95,1000,ok
5,1,15,hmm_trajectory,raw_knn,absolute_error,1801,42,-1.2060561142405932e-06,-1.5512219043207753e-05,1.4102923239748008e-05,0.95,1000,ok
5,1,15,hmm_trajectory,raw_knn,brier,1801,42,-0.0034549694614103266,-0.00983352567108194,0.0034550622091173446,0.95,1000,ok
5,1,15,hmm_trajectory,raw_knn,squared_error,1801,42,-1.2198676855662841e-08,-5.55676754815479e-08,3.274721766888288e-08,0.95,1000,ok
5,1,30,hmm_current,raw_knn,absolute_error,1801,42,5.468734965950851e-06,-2.5312812356640833e-05,3.62288316327572e-05,0.95,1000,ok
5,1,30,hmm_current,raw_knn,brier,1801,42,6.685174902831924e-05,-0.008835819490586929,0.00923780181844975,0.95,1000,ok
5,1,30,hmm_current,raw_knn,squared_error,1801,42,-4.124280201497968e-08,-1.9155036247906715e-07,9.969045788541274e-08,0.95,1000,ok
5,1,30,hmm_trajectory,raw_knn,absolute_error,1801,42,5.192384898142722e-06,-2.3070220705166536e-05,3.071681432846162e-05,0.95,1000,ok
5,1,30,hmm_trajectory,raw_knn,brier,1801,42,0.00017168239866740628,-0.00893007773459189,0.009046458797327394,0.95,1000,ok
5,1,30,hmm_trajectory,raw_knn,squared_error,1801,42,-1.6544229216186763e-08,-1.500631251785315e-07,1.0573437689185256e-07,0.95,1000,ok
5,1,60,hmm_current,raw_knn,absolute_error,1801,42,-3.397665291383861e-05,-0.00011746359380801155,3.1222939980845385e-05,0.95,1000,ok
5,1,60,hmm_current,raw_knn,brier,1801,42,-0.005991782343142699,-0.021293128633335556,0.007740993056029527,0.95,1000,ok
5,1,60,hmm_current,raw_knn,squared_error,1801,42,-3.417112180803693e-07,-9.309209431681918e-07,9.860801002506927e-08,0.95,1000,ok
5,1,60,hmm_trajectory,raw_knn,absolute_error,1801,42,-1.1626628079243442e-05,-8.352799728730027e-05,4.724161261644478e-05,0.95,1000,ok
5,1,60,hmm_trajectory,raw_knn,brier,1801,42,-0.004613436979455857,-0.019619972292985986,0.008281724671715908,0.95,1000,ok
5,1,60,hmm_trajectory,raw_knn,squared_error,1801,42,-3.468987730651535e-07,-9.23012816694403e-07,1.196576898137115e-07,0.95,1000,ok
5,2,5,hmm_current,raw_knn,absolute_error,1763,41,1.6862544297199528e-06,-3.4140630358960104e-06,7.756651340935793e-06,0.95,1000,ok
5,2,5,hmm_current,raw_knn,brier,1763,41,-0.0005728871242200785,-0.004609183210436754,0.003642705615428248,0.95,1000,ok
5,2,5,hmm_current,raw_knn,squared_error,1763,41,6.814318415795643e-09,-2.8557932550613667e-09,1.7631745887899127e-08,0.95,1000,ok
5,2,5,hmm_trajectory,raw_knn,absolute_error,1763,41,8.271839055760819e-07,-3.4739197408691027e-06,5.719853124883056e-06,0.95,1000,ok
5,2,5,hmm_trajectory,raw_knn,brier,1763,41,-0.0003521270561542826,-0.003907963698241632,0.003179239931934202,0.95,1000,ok
5,2,5,hmm_trajectory,raw_knn,squared_error,1763,41,3.6923174706767913e-09,-5.120928876045937e-09,1.433630726257453e-08,0.95,1000,ok
5,2,15,hmm_current,raw_knn,absolute_error,1763,41,1.4991843477924076e-06,-6.606630123701862e-06,9.43050657453951e-06,0.95,1000,ok
5,2,15,hmm_current,raw_knn,brier,1763,41,0.0011918321043675538,-0.00392129892229155,0.005798349404424273,0.95,1000,ok
5,2,15,hmm_current,raw_knn,squared_error,1763,41,8.8374885356504e-09,-1.2433157271588409e-08,3.000950754646835e-08,0.95,1000,ok
5,2,15,hmm_trajectory,raw_knn,absolute_error,1763,41,2.161821087831546e-06,-8.711961389551486e-06,1.6264246740668735e-05,0.95,1000,ok
5,2,15,hmm_trajectory,raw_knn,brier,1763,41,-0.00011934203062960952,-0.004605263754963132,0.004690907543959157,0.95,1000,ok
5,2,15,hmm_trajectory,raw_knn,squared_error,1763,41,1.2265739817028415e-08,-1.83353228842566e-08,5.812925849335868e-08,0.95,1000,ok
5,2,30,hmm_current,raw_knn,absolute_error,1763,41,1.739317308501655e-06,-1.526601031234618e-05,1.8167207403282083e-05,0.95,1000,ok
5,2,30,hmm_current,raw_knn,brier,1763,41,-0.0002822461712989231,-0.006561928530913215,0.005941559841179803,0.95,1000,ok
5,2,30,hmm_current,raw_knn,squared_error,1763,41,5.128847483519904e-09,-6.00346700060863e-08,7.538298818307707e-08,0.95,1000,ok
5,2,30,hmm_trajectory,raw_knn,absolute_error,1763,41,-1.1169357989207833e-05,-3.685553290236002e-05,1.3560811066487029e-05,0.95,1000,ok
5,2,30,hmm_trajectory,raw_knn,brier,1763,41,-0.004589676687464548,-0.012558718094157683,0.003284747589336359,0.95,1000,ok
5,2,30,hmm_trajectory,raw_knn,squared_error,1763,41,-1.4311490724430056e-08,-1.0717064246327478e-07,8.332525994529854e-08,0.95,1000,ok
5,2,60,hmm_current,raw_knn,absolute_error,1763,41,1.2703653661851053e-05,-2.3158868017316063e-05,4.778640780835075e-05,0.95,1000,ok
5,2,60,hmm_current,raw_knn,brier,1763,41,0.0026861032331253532,-0.0078911911514464,0.012230969937606351,0.95,1000,ok
5,2,60,hmm_current,raw_knn,squared_error,1763,41,-1.2976002408579086e-08,-1.6542068248658546e-07,1.3165622905022393e-07,0.95,1000,ok
5,2,60,hmm_trajectory,raw_knn,absolute_error,1763,41,-1.888240653848497e-05,-6.831808690123337e-05,2.5268935805536624e-05,0.95,1000,ok
5,2,60,hmm_trajectory,raw_knn,brier,1763,41,-0.0021089052750992605,-0.012683187748156547,0.007599035734543392,0.95,1000,ok
5,2,60,hmm_trajectory,raw_knn,squared_error,1763,41,-1.6542910394563576e-07,-4.0742672058689833e-07,2.3837236789124222e-08,0.95,1000,ok
5,3,5,hmm_current,raw_knn,absolute_error,1691,41,1.6457181909925995e-06,-1.1409149049288034e-06,4.317528063871518e-06,0.95,1000,ok
5,3,5,hmm_current,raw_knn,brier,1691,41,0.0015680662329982267,-0.003423836242048072,0.006596144638812196,0.95,1000,ok
5,3,5,hmm_current,raw_knn,squared_error,1691,41,1.3752610661299994e-09,-1.3823929850859352e-09,3.944139848533178e-09,0.95,1000,ok
5,3,5,hmm_trajectory,raw_knn,absolute_error,1691,41,7.556078331267842e-07,-2.409125274966783e-06,3.7912149657264334e-06,0.95,1000,ok
5,3,5,hmm_trajectory,raw_knn,brier,1691,41,0.0011843879361324659,-0.0037090346069680027,0.006078114853650302,0.95,1000,ok
5,3,5,hmm_trajectory,raw_knn,squared_error,1691,41,-5.90180590485153e-10,-3.0123082428885183e-09,1.5251571758365876e-09,0.95,1000,ok
5,3,15,hmm_current,raw_knn,absolute_error,1691,41,6.604042102954845e-07,-8.239693426141301e-06,8.804361134182926e-06,0.95,1000,ok
5,3,15,hmm_current,raw_knn,brier,1691,41,-0.00014926079243051342,-0.006747366923414679,0.00641599395770393,0.95,1000,ok
5,3,15,hmm_current,raw_knn,squared_error,1691,41,3.5917035708705554e-09,-9.960592394778169e-09,1.909427696176112e-08,0.95,1000,ok
5,3,15,hmm_trajectory,raw_knn,absolute_error,1691,41,-5.520774899830521e-06,-1.4120473420533709e-05,3.078992494282905e-06,0.95,1000,ok
5,3,15,hmm_trajectory,raw_knn,brier,1691,41,-0.003428976936723831,-0.008984701360141926,0.0020079682807447063,0.95,1000,ok
5,3,15,hmm_trajectory,raw_knn,squared_error,1691,41,-1.1559423137292909e-08,-2.9805284459363026e-08,3.759612818717128e-09,0.95,1000,ok
5,3,30,hmm_current,raw_knn,absolute_error,1691,41,5.877936973327248e-06,-5.8372868141320844e-06,1.724812917814515e-05,0.95,1000,ok
5,3,30,hmm_current,raw_knn,brier,1691,41,0.0048589000591366055,-0.0022449567706732967,0.011582257971333616,0.95,1000,ok
5,3,30,hmm_current,raw_knn,squared_error,1691,41,6.9029484589334265e-09,-1.9741301387049026e-08,3.023776081165401e-08,0.95,1000,ok
5,3,30,hmm_trajectory,raw_knn,absolute_error,1691,41,-5.079220231054946e-06,-2.0059678004465964e-05,8.015056641772807e-06,0.95,1000,ok
5,3,30,hmm_trajectory,raw_knn,brier,1691,41,-0.0011120047309284467,-0.008914928582478204,0.006370103282684297,0.95,1000,ok
5,3,30,hmm_trajectory,raw_knn,squared_error,1691,41,-2.1261721344997157e-08,-5.3077317996072495e-08,2.6200144511881326e-09,0.95,1000,ok
5,3,60,hmm_current,raw_knn,absolute_error,1691,41,7.664191433903099e-06,-1.3038633614223991e-05,2.98775286764249e-05,0.95,1000,ok
5,3,60,hmm_current,raw_knn,brier,1691,41,-0.0036326434062684777,-0.012289275761041359,0.005215750659957589,0.95,1000,ok
5,3,60,hmm_current,raw_knn,squared_error,1691,41,2.8576895470877667e-08,-4.0996631921294435e-08,1.090108828998714e-07,0.95,1000,ok
5,3,60,hmm_trajectory,raw_knn,absolute_error,1691,41,9.328647001395081e-06,-1.4050850881381823e-05,3.452842490312476e-05,0.95,1000,ok
5,3,60,hmm_trajectory,raw_knn,brier,1691,41,0.001225783560023657,-0.008669169403048675,0.011455881242816686,0.95,1000,ok
5,3,60,hmm_trajectory,raw_knn,squared_error,1691,41,-1.243683007906084e-10,-9.660808694750578e-08,8.937055147412395e-08,0.95,1000,ok
