method,horizon_minutes,bin,bin_lower,bin_upper,n_forecasts,n_sessions,mean_probability_up,observed_up_frequency
hmm_current,5,0,0.0,0.1,0,0,,
hmm_current,5,1,0.1,0.2,0,0,,
hmm_current,5,2,0.2,0.3,5,5,0.28,0.2
hmm_current,5,3,0.3,0.4,347,107,0.3613832853025936,0.4899135446685879
hmm_current,5,4,0.4,0.5,2078,124,0.44782483156881625,0.4884504331087584
hmm_current,5,5,0.5,0.6,2246,124,0.5338824577025825,0.5093499554764025
hmm_current,5,6,0.6,0.7,540,117,0.6229259259259259,0.5111111111111111
hmm_current,5,7,0.7,0.8,34,18,0.7276470588235293,0.5882352941176471
hmm_current,5,8,0.8,0.9,5,1,0.8240000000000001,0.4
hmm_current,5,9,0.9,1.0,0,0,,
hmm_current,15,0,0.0,0.1,0,0,,
hmm_current,15,1,0.1,0.2,0,0,,
hmm_current,15,2,0.2,0.3,9,8,0.26222222222222225,0.2222222222222222
hmm_current,15,3,0.3,0.4,362,104,0.359171270718232,0.5220994475138122
hmm_current,15,4,0.4,0.5,1777,124,0.4482498593134497,0.4985931344963421
hmm_current,15,5,0.5,0.6,2388,124,0.5354355108877722,0.4983249581239531
hmm_current,15,6,0.6,0.7,675,121,0.6239111111111111,0.52
hmm_current,15,7,0.7,0.8,43,23,0.718139534883721,0.5813953488372093
hmm_current,15,8,0.8,0.9,1,1,0.8,0.0
hmm_current,15,9,0.9,1.0,0,0,,
hmm_current,30,0,0.0,0.1,0,0,,
hmm_current,30,1,0.1,0.2,0,0,,
hmm_current,30,2,0.2,0.3,5,4,0.276,0.6
hmm_current,30,3,0.3,0.4,230,91,0.3646956521739131,0.5130434782608696
hmm_current,30,4,0.4,0.5,1498,124,0.4511748998664887,0.5353805073431241
hmm_current,30,5,0.5,0.6,2401,124,0.5373011245314452,0.5056226572261557
hmm_current,30,6,0.6,0.7,1053,123,0.627369420702754,0.5118708452041786
hmm_current,30,7,0.7,0.8,65,40,0.7169230769230769,0.49230769230769234
hmm_current,30,8,0.8,0.9,3,3,0.8133333333333334,1.0
hmm_current,30,9,0.9,1.0,0,0,,
hmm_current,60,0,0.0,0.1,0,0,,
hmm_current,60,1,0.1,0.2,0,0,,
hmm_current,60,2,0.2,0.3,9,6,0.28,0.5555555555555556
hmm_current,60,3,0.3,0.4,209,87,0.3589473684210526,0.5454545454545454
hmm_current,60,4,0.4,0.5,1465,123,0.4487372013651878,0.5290102389078498
hmm_current,60,5,0.5,0.6,2431,124,0.5388235294117647,0.5269436445907034
hmm_current,60,6,0.6,0.7,1040,123,0.6261153846153845,0.5096153846153846
hmm_current,60,7,0.7,0.8,101,45,0.7156435643564358,0.48514851485148514
hmm_current,60,8,0.8,0.9,0,0,,
hmm_current,60,9,0.9,1.0,0,0,,
hmm_trajectory,5,0,0.0,0.1,0,0,,
hmm_trajectory,5,1,0.1,0.2,1,1,0.18,0.0
hmm_trajectory,5,2,0.2,0.3,4,4,0.275,0.25
hmm_trajectory,5,3,0.3,0.4,320,115,0.36093749999999997,0.49375
hmm_trajectory,5,4,0.4,0.5,2101,123,0.44903379343169925,0.5107091861018562
hmm_trajectory,5,5,0.5,0.6,2293,124,0.5342259049280419,0.49105974705625816
hmm_trajectory,5,6,0.6,0.7,517,118,0.6220116054158606,0.504835589941973
hmm_trajectory,5,7,0.7,0.8,19,16,0.7063157894736842,0.47368421052631576
hmm_trajectory,5,8,0.8,0.9,0,0,,
hmm_trajectory,5,9,0.9,1.0,0,0,,
hmm_trajectory,15,0,0.0,0.1,0,0,,
hmm_trajectory,15,1,0.1,0.2,0,0,,
hmm_trajectory,15,2,0.2,0.3,6,6,0.2733333333333334,0.8333333333333334
hmm_trajectory,15,3,0.3,0.4,288,105,0.3608333333333333,0.4826388888888889
hmm_trajectory,15,4,0.4,0.5,1919,124,0.44778530484627416,0.4919228764981761
hmm_trajectory,15,5,0.5,0.6,2316,124,0.5353454231433507,0.501727115716753
hmm_trajectory,15,6,0.6,0.7,672,118,0.6245238095238095,0.5446428571428571
hmm_trajectory,15,7,0.7,0.8,54,35,0.7122222222222224,0.5
hmm_trajectory,15,8,0.8,0.9,0,0,,
hmm_trajectory,15,9,0.9,1.0,0,0,,
hmm_trajectory,30,0,0.0,0.1,0,0,,
hmm_trajectory,30,1,0.1,0.2,0,0,,
hmm_trajectory,30,2,0.2,0.3,5,5,0.272,0.4
hmm_trajectory,30,3,0.3,0.4,192,76,0.35874999999999996,0.5104166666666666
hmm_trajectory,30,4,0.4,0.5,1494,122,0.4515127175368139,0.5080321285140562
hmm_trajectory,30,5,0.5,0.6,2499,124,0.5395038015206084,0.5110044017607043
hmm_trajectory,30,6,0.6,0.7,942,123,0.6274946921443736,0.5520169851380042
hmm_trajectory,30,7,0.7,0.8,113,47,0.7228318584070795,0.4424778761061947
hmm_trajectory,30,8,0.8,0.9,10,5,0.826,0.5
hmm_trajectory,30,9,0.9,1.0,0,0,,
hmm_trajectory,60,0,0.0,0.1,0,0,,
hmm_trajectory,60,1,0.1,0.2,0,0,,
hmm_trajectory,60,2,0.2,0.3,11,7,0.2581818181818182,0.9090909090909091
hmm_trajectory,60,3,0.3,0.4,209,85,0.3617224880382775,0.5454545454545454
hmm_trajectory,60,4,0.4,0.5,1369,124,0.4497297297297298,0.537618699780862
hmm_trajectory,60,5,0.5,0.6,2366,123,0.5384953508030431,0.5173288250211328
hmm_trajectory,60,6,0.6,0.7,1144,123,0.628444055944056,0.5209790209790209
hmm_trajectory,60,7,0.7,0.8,151,60,0.71841059602649,0.48344370860927155
hmm_trajectory,60,8,0.8,0.9,5,3,0.8160000000000001,0.2
hmm_trajectory,60,9,0.9,1.0,0,0,,
momentum,5,0,0.0,0.1,2497,124,0.0,0.5066079295154186
momentum,5,1,0.1,0.2,0,0,,
momentum,5,2,0.2,0.3,0,0,,
momentum,5,3,0.3,0.4,0,0,,
momentum,5,4,0.4,0.5,0,0,,
momentum,5,5,0.5,0.6,34,27,0.5,0.6176470588235294
momentum,5,6,0.6,0.7,0,0,,
momentum,5,7,0.7,0.8,0,0,,
momentum,5,8,0.8,0.9,0,0,,
momentum,5,9,0.9,1.0,2724,123,1.0,0.49265785609397944
momentum,15,0,0.0,0.1,2497,124,0.0,0.5222266720064077
momentum,15,1,0.1,0.2,0,0,,
momentum,15,2,0.2,0.3,0,0,,
momentum,15,3,0.3,0.4,0,0,,
momentum,15,4,0.4,0.5,0,0,,
momentum,15,5,0.5,0.6,34,27,0.5,0.5588235294117647
momentum,15,6,0.6,0.7,0,0,,
momentum,15,7,0.7,0.8,0,0,,
momentum,15,8,0.8,0.9,0,0,,
momentum,15,9,0.9,1.0,2724,123,1.0,0.4845814977973568
momentum,30,0,0.0,0.1,2497,124,0.0,0.5366439727673208
momentum,30,1,0.1,0.2,0,0,,
momentum,30,2,0.2,0.3,0,0,,
momentum,30,3,0.3,0.4,0,0,,
momentum,30,4,0.4,0.5,0,0,,
momentum,30,5,0.5,0.6,34,27,0.5,0.4411764705882353
momentum,30,6,0.6,0.7,0,0,,
momentum,30,7,0.7,0.8,0,0,,
momentum,30,8,0.8,0.9,0,0,,
momentum,30,9,0.9,1.0,2724,123,1.0,0.4977973568281938
momentum,60,0,0.0,0.1,2497,124,0.0,0.5414497396876251
momentum,60,1,0.1,0.2,0,0,,
momentum,60,2,0.2,0.3,0,0,,
momentum,60,3,0.3,0.4,0,0,,
momentum,60,4,0.4,0.5,0,0,,
momentum,60,5,0.5,0.6,34,27,0.5,0.5882352941176471
momentum,60,6,0.6,0.7,0,0,,
momentum,60,7,0.7,0.8,0,0,,
momentum,60,8,0.8,0.9,0,0,,
momentum,60,9,0.9,1.0,2724,123,1.0,0.5073421439060205
raw_knn,5,0,0.0,0.1,0,0,,
raw_knn,5,1,0.1,0.2,0,0,,
raw_knn,5,2,0.2,0.3,6,6,0.27666666666666667,0.6666666666666666
raw_knn,5,3,0.3,0.4,296,111,0.36236486486486486,0.44932432432432434
raw_knn,5,4,0.4,0.5,2097,123,0.44832618025751075,0.4949928469241774
raw_knn,5,5,0.5,0.6,2384,124,0.5341610738255034,0.510486577181208
raw_knn,5,6,0.6,0.7,459,115,0.6217429193899782,0.5010893246187363
raw_knn,5,7,0.7,0.8,13,13,0.7046153846153845,0.46153846153846156
raw_knn,5,8,0.8,0.9,0,0,,
raw_knn,5,9,0.9,1.0,0,0,,
raw_knn,15,0,0.0,0.1,0,0,,
raw_knn,15,1,0.1,0.2,0,0,,
raw_knn,15,2,0.2,0.3,7,7,0.26285714285714284,0.42857142857142855
raw_knn,15,3,0.3,0.4,298,96,0.3583221476510066,0.48322147651006714
raw_knn,15,4,0.4,0.5,1830,122,0.4476065573770492,0.507103825136612
raw_knn,15,5,0.5,0.6,2328,123,0.5368900343642612,0.49871134020618557
raw_knn,15,6,0.6,0.7,741,121,0.6260728744939271,0.5182186234817814
raw_knn,15,7,0.7,0.8,50,31,0.7148000000000002,0.44
raw_knn,15,8,0.8,0.9,1,1,0.8,1.0
raw_knn,15,9,0.9,1.0,0,0,,
raw_knn,30,0,0.0,0.1,0,0,,
raw_knn,30,1,0.1,0.2,1,1,0.14,1.0
raw_knn,30,2,0.2,0.3,12,7,0.2700000000000001,0.5
raw_knn,30,3,0.3,0.4,195,64,0.3579487179487179,0.48205128205128206
raw_knn,30,4,0.4,0.5,1366,118,0.44973645680819907,0.513177159590044
raw_knn,30,5,0.5,0.6,2258,124,0.54,0.5066430469441984
raw_knn,30,6,0.6,0.7,1209,123,0.6285525227460711,0.5351530190239868
raw_knn,30,7,0.7,0.8,202,60,0.7235643564356437,0.5544554455445545
raw_knn,30,8,0.8,0.9,12,8,0.8083333333333335,0.5
raw_knn,30,9,0.9,1.0,0,0,,
raw_knn,60,0,0.0,0.1,0,0,,
raw_knn,60,1,0.1,0.2,0,0,,
raw_knn,60,2,0.2,0.3,21,10,0.2638095238095239,0.6666666666666666
raw_knn,60,3,0.3,0.4,188,57,0.35648936170212764,0.5
raw_knn,60,4,0.4,0.5,1047,113,0.44972301814708693,0.5358166189111748
raw_knn,60,5,0.5,0.6,2216,122,0.5425000000000001,0.519404332129964
raw_knn,60,6,0.6,0.7,1434,122,0.6305299860529986,0.5251046025104602
raw_knn,60,7,0.7,0.8,296,73,0.7210135135135136,0.5574324324324325
raw_knn,60,8,0.8,0.9,50,9,0.8239999999999997,0.32
raw_knn,60,9,0.9,1.0,3,1,0.9133333333333334,0.0
same_time_of_day,5,0,0.0,0.1,0,0,,
same_time_of_day,5,1,0.1,0.2,0,0,,
same_time_of_day,5,2,0.2,0.3,0,0,,
same_time_of_day,5,3,0.3,0.4,1,1,0.3984375,0.0
same_time_of_day,5,4,0.4,0.5,2567,124,0.4708763467284444,0.4869497467861317
same_time_of_day,5,5,0.5,0.6,2640,124,0.5324787446709207,0.5113636363636364
same_time_of_day,5,6,0.6,0.7,47,47,0.6025391712630261,0.5957446808510638
same_time_of_day,5,7,0.7,0.8,0,0,,
same_time_of_day,5,8,0.8,0.9,0,0,,
same_time_of_day,5,9,0.9,1.0,0,0,,
same_time_of_day,15,0,0.0,0.1,0,0,,
same_time_of_day,15,1,0.1,0.2,0,0,,
same_time_of_day,15,2,0.2,0.3,0,0,,
same_time_of_day,15,3,0.3,0.4,0,0,,
same_time_of_day,15,4,0.4,0.5,2161,124,0.4765014865221917,0.4923646459972235
same_time_of_day,15,5,0.5,0.6,3069,124,0.5343923001030166,0.5109156076898013
same_time_of_day,15,6,0.6,0.7,25,24,0.6056758423911319,0.44
same_time_of_day,15,7,0.7,0.8,0,0,,
same_time_of_day,15,8,0.8,0.9,0,0,,
same_time_of_day,15,9,0.9,1.0,0,0,,
same_time_of_day,30,0,0.0,0.1,0,0,,
same_time_of_day,30,1,0.1,0.2,0,0,,
same_time_of_day,30,2,0.2,0.3,0,0,,
same_time_of_day,30,3,0.3,0.4,0,0,,
same_time_of_day,30,4,0.4,0.5,1293,124,0.4806017561566362,0.51430781129157
same_time_of_day,30,5,0.5,0.6,3847,124,0.5401617377280937,0.5180660254743956
same_time_of_day,30,6,0.6,0.7,115,61,0.6086605998089494,0.4608695652173913
same_time_of_day,30,7,0.7,0.8,0,0,,
same_time_of_day,30,8,0.8,0.9,0,0,,
same_time_of_day,30,9,0.9,1.0,0,0,,
same_time_of_day,60,0,0.0,0.1,0,0,,
same_time_of_day,60,1,0.1,0.2,0,0,,
same_time_of_day,60,2,0.2,0.3,0,0,,
same_time_of_day,60,3,0.3,0.4,0,0,,
same_time_of_day,60,4,0.4,0.5,752,124,0.4784549320954576,0.5478723404255319
same_time_of_day,60,5,0.5,0.6,4443,124,0.5383976393050264,0.5205941931127617
same_time_of_day,60,6,0.6,0.7,60,29,0.607591981370074,0.48333333333333334
same_time_of_day,60,7,0.7,0.8,0,0,,
same_time_of_day,60,8,0.8,0.9,0,0,,
same_time_of_day,60,9,0.9,1.0,0,0,,
unconditional,5,0,0.0,0.1,0,0,,
unconditional,5,1,0.1,0.2,0,0,,
unconditional,5,2,0.2,0.3,0,0,,
unconditional,5,3,0.3,0.4,0,0,,
unconditional,5,4,0.4,0.5,0,0,,
unconditional,5,5,0.5,0.6,5255,124,0.5030070804099975,0.5000951474785919
unconditional,5,6,0.6,0.7,0,0,,
unconditional,5,7,0.7,0.8,0,0,,
unconditional,5,8,0.8,0.9,0,0,,
unconditional,5,9,0.9,1.0,0,0,,
unconditional,15,0,0.0,0.1,0,0,,
unconditional,15,1,0.1,0.2,0,0,,
unconditional,15,2,0.2,0.3,0,0,,
unconditional,15,3,0.3,0.4,0,0,,
unconditional,15,4,0.4,0.5,0,0,,
unconditional,15,5,0.5,0.6,5255,124,0.5109078215723611,0.5029495718363464
unconditional,15,6,0.6,0.7,0,0,,
unconditional,15,7,0.7,0.8,0,0,,
unconditional,15,8,0.8,0.9,0,0,,
unconditional,15,9,0.9,1.0,0,0,,
unconditional,30,0,0.0,0.1,0,0,,
unconditional,30,1,0.1,0.2,0,0,,
unconditional,30,2,0.2,0.3,0,0,,
unconditional,30,3,0.3,0.4,0,0,,
unconditional,30,4,0.4,0.5,0,0,,
unconditional,30,5,0.5,0.6,5255,124,0.527040091478496,0.5158896289248335
unconditional,30,6,0.6,0.7,0,0,,
unconditional,30,7,0.7,0.8,0,0,,
unconditional,30,8,0.8,0.9,0,0,,
unconditional,30,9,0.9,1.0,0,0,,
unconditional,60,0,0.0,0.1,0,0,,
unconditional,60,1,0.1,0.2,0,0,,
unconditional,60,2,0.2,0.3,0,0,,
unconditional,60,3,0.3,0.4,0,0,,
unconditional,60,4,0.4,0.5,0,0,,
unconditional,60,5,0.5,0.6,5255,124,0.5306675275547232,0.5240723120837297
unconditional,60,6,0.6,0.7,0,0,,
unconditional,60,7,0.7,0.8,0,0,,
unconditional,60,8,0.8,0.9,0,0,,
unconditional,60,9,0.9,1.0,0,0,,
