fold,method,horizon_minutes,n_forecasts,n_sessions,query_start,query_end,mae,rmse,mean_signed_error,spearman,brier,log_loss,n_intervals,interval_10_90_width,interval_10_90_coverage,neighbor_return_std_mean,effective_neighbor_count_mean,distance_mean,distance_min_mean,distance_max_mean
1,hmm_current,5,1801,42,2019-07-08T15:30:00+00:00,2019-09-04T19:00:00+00:00,0.00045196623282194975,0.0006995645508835815,2.7043309339240687e-05,0.0335507863208787,0.2534991671293726,0.7005183979780308,1801,0.0012915602685706258,0.7684619655746807,0.0005631533949382394,50.0,0.028083863470977837,0.004948011731166733,0.04553778021389536
1,hmm_trajectory,5,1801,42,2019-07-08T15:30:00+00:00,2019-09-04T19:00:00+00:00,0.0004524830300915024,0.0006995934900054234,1.2608829036753877e-05,0.007918322591991125,0.25595580233203774,0.705346685230276,1801,0.0012499045108709315,0.756246529705719,0.0005394560385770712,50.0,1.315649755583328,0.7385932126135709,1.6003705823486427
1,momentum,5,1801,42,2019-07-08T15:30:00+00:00,2019-09-04T19:00:00+00:00,0.0004694042396227458,0.000723338143544412,-8.106052085366454e-06,-0.009089098295057567,0.504858411993337,13.9187033790165,0,,,,0.0,,,
1,raw_knn,5,1801,42,2019-07-08T15:30:00+00:00,2019-09-04T19:00:00+00:00,0.00045059909578403255,0.0006972736710981551,2.6972729105618306e-05,0.050975349091651814,0.2549903387007218,0.7033861318580404,1801,0.0011636303371396245,0.7373681288173237,0.0005189223041047514,50.0,5.434243049264848,4.408168991864295,5.868172183873859
1,same_time_of_day,5,1801,42,2019-07-08T15:30:00+00:00,2019-09-04T19:00:00+00:00,0.00044793757540369385,0.0006959654036940525,1.9019409192762097e-05,0.02156514004700215,0.25033274519019577,0.6938362224072886,1801,0.0012443955359233733,0.7756801776790672,0.0006049290497708858,146.60910605219323,,,
1,unconditional,5,1801,42,2019-07-08T15:30:00+00:00,2019-09-04T19:00:00+00:00,0.00044723506414743697,0.0006957263604905958,1.9873407038451102e-05,-0.03291393423388181,0.2499832796734734,0.6931137417959377,1801,0.001257829923115121,0.7823431426985008,0.0006140036748561885,6304.172126596335,,,
1,hmm_current,15,1801,42,2019-07-08T15:30:00+00:00,2019-09-04T19:00:00+00:00,0.0007828775081594466,0.001199939182317908,8.089237933633919e-05,0.003677180256514543,0.25519933370349807,0.7038595593323687,1801,0.0021774244575163584,0.7634647418101055,0.000954450015813454,50.0,0.028083863470977837,0.004948011731166733,0.04553778021389536
1,hmm_trajectory,15,1801,42,2019-07-08T15:30:00+00:00,2019-09-04T19:00:00+00:00,0.0007860750801050269,0.0012042437432164866,6.577168035494894e-05,0.015447808672894029,0.25544408661854523,0.7045280906325848,1801,0.002168943248732203,0.7456968350916158,0.0009292864702435044,50.0,1.315649755583328,0.7385932126135709,1.6003705823486427
1,momentum,15,1801,42,2019-07-08T15:30:00+00:00,2019-09-04T19:00:00+00:00,0.0008839645275990601,0.0013258356156416855,-1.4891043729073785e-05,-0.025062910519363293,0.5237368128817323,14.440333130544982,0,,,,0.0,,,
1,raw_knn,15,1801,42,2019-07-08T15:30:00+00:00,2019-09-04T19:00:00+00:00,0.0007860863393285942,0.0012055030495150094,7.771285095162486e-05,0.002751090546565637,0.2585401443642421,0.710979012475616,1801,0.001978739244091772,0.7257079400333148,0.0009035675030366217,50.0,5.434243049264848,4.408168991864295,5.868172183873859
1,same_time_of_day,15,1801,42,2019-07-08T15:30:00+00:00,2019-09-04T19:00:00+00:00,0.0007756530320117435,0.0011879231222383401,5.5723823565048747e-05,0.002972601452356106,0.2517527233514058,0.696690526907843,1801,0.002131418357041164,0.7634647418101055,0.0010213098925977708,146.60910605219323,,,
1,unconditional,15,1801,42,2019-07-08T15:30:00+00:00,2019-09-04T19:00:00+00:00,0.0007737387251979348,0.001185915162085586,6.056261712446377e-05,-0.05577963504971887,0.25015811457890247,0.6934635860261268,1801,0.002162391979893112,0.7712382009994447,0.0010348656567530832,6304.172126596335,,,
1,hmm_current,30,1801,42,2019-07-08T15:30:00+00:00,2019-09-04T19:00:00+00:00,0.0011069176458685197,0.0017132369699795417,0.00018481522442821295,-0.03903071630049638,0.2576528595224875,0.7090917472462276,1801,0.0029835759321999345,0.750694058856191,0.0013222835000605295,50.0,0.028083863470977837,0.004948011731166733,0.04553778021389536
1,hmm_trajectory,30,1801,42,2019-07-08T15:30:00+00:00,2019-09-04T19:00:00+00:00,0.0011068576893030744,0.001723480795330275,0.00017125034006867145,-0.010644712504934343,0.25720666296501943,0.7086892150491578,1801,0.0029834676770183663,0.7473625763464742,0.0012833419019359406,50.0,1.315649755583328,0.7385932126135709,1.6003705823486427
1,momentum,30,1801,42,2019-07-08T15:30:00+00:00,2019-09-04T19:00:00+00:00,0.0013952175837752216,0.002081351069381501,-2.3641403497982378e-05,-0.02419016458335463,0.5326207662409772,14.685805747425096,0,,,,0.0,,,
1,raw_knn,30,1801,42,2019-07-08T15:30:00+00:00,2019-09-04T19:00:00+00:00,0.0010997946684297173,0.0017217741902263084,0.0001999058076018907,0.011734446043070711,0.2577385896724042,0.7100590099513957,1801,0.0027474539650784685,0.7268184342032205,0.001256842702901325,50.0,5.434243049264848,4.408168991864295,5.868172183873859
1,same_time_of_day,30,1801,42,2019-07-08T15:30:00+00:00,2019-09-04T19:00:00+00:00,0.001088381605018824,0.0016878170547561645,0.00013258665307558536,-0.011841608842894709,0.25239739997475313,0.6980206815051379,1801,0.0029886405362813556,0.7651304830649639,0.001386639116969089,146.60910605219323,,,
1,unconditional,30,1801,42,2019-07-08T15:30:00+00:00,2019-09-04T19:00:00+00:00,0.0010847896095828034,0.0016850808419747896,0.00013466619758132172,-0.05339572281448141,0.24998427221710756,0.6931177195750119,1801,0.003043564879006211,0.779011660188784,0.0013984701251263283,6304.172126596335,,,
1,hmm_current,60,1801,42,2019-07-08T15:30:00+00:00,2019-09-04T19:00:00+00:00,0.001567517918570633,0.0024338226290689484,0.00028541056429628325,-0.057625640606354035,0.2598056635202665,0.7137248000638124,1801,0.0041605841572381385,0.7390338700721821,0.001813171698527588,50.0,0.028083863470977837,0.004948011731166733,0.04553778021389536
1,hmm_trajectory,60,1801,42,2019-07-08T15:30:00+00:00,2019-09-04T19:00:00+00:00,0.0015912632302401601,0.002437331355442665,0.0002698108903163507,-0.08385442614663689,0.2631082731815658,0.7209904001439965,1801,0.004078332672037502,0.7201554691837868,0.0017635492114582646,50.0,1.315649755583328,0.7385932126135709,1.6003705823486427
1,momentum,60,1801,42,2019-07-08T15:30:00+00:00,2019-09-04T19:00:00+00:00,0.0022845132835051817,0.0034210087232340925,-8.943597541975128e-05,0.004947366606879855,0.5043031649083842,13.903361015725542,0,,,,0.0,,,
1,raw_knn,60,1801,42,2019-07-08T15:30:00+00:00,2019-09-04T19:00:00+00:00,0.0016023320510560387,0.0025015604567132084,0.0003745851955148078,-0.04555365259162333,0.26669672404219874,0.7324603771623357,1801,0.0037363096954027538,0.7029428095502499,0.001719215744250133,50.0,5.434243049264848,4.408168991864295,5.868172183873859
1,same_time_of_day,60,1801,42,2019-07-08T15:30:00+00:00,2019-09-04T19:00:00+00:00,0.0015323609421369988,0.002373881420101989,0.0002110266849754431,-0.009756152714988583,0.2517283822502747,0.6966719924447988,1801,0.004088487437233276,0.7612437534702943,0.0019138307619950023,146.60910605219323,,,
1,unconditional,60,1801,42,2019-07-08T15:30:00+00:00,2019-09-04T19:00:00+00:00,0.0015240228869494016,0.0023701457585425458,0.00021022930988188465,-0.09109202301910865,0.24911934960190688,0.6913877581582524,1801,0.004146344318672726,0.7673514714047751,0.001924978141675695,6304.172126596335,,,
2,hmm_current,5,1763,41,2019-09-05T15:30:00+00:00,2019-10-31T19:00:00+00:00,0.00037629329520299756,0.0005648108419516187,3.4335800229964835e-05,0.027803872721335558,0.254689733408962,0.7032352951987334,1763,0.0011804230406829946,0.7918321043675554,0.0005328530017421479,50.0,0.02767757898915243,0.005484321474675929,0.043086506632886504
2,hmm_trajectory,5,1763,41,2019-09-05T15:30:00+00:00,2019-10-31T19:00:00+00:00,0.0003747263236062462,0.0005609744131616747,3.494485192580533e-05,0.018063827111220843,0.2542559273964833,0.7019670946357905,1763,0.001116870116625573,0.7736812251843449,0.0005012453073635139,50.0,1.2623791460352085,0.735851455076064,1.4821163058187048
2,momentum,5,1763,41,2019-09-05T15:30:00+00:00,2019-10-31T19:00:00+00:00,0.0003897576545329195,0.0005778902987397251,6.222014876977768e-06,-0.023189719167054347,0.49716392512762336,13.701902108593835,0,,,,0.0,,,
2,raw_knn,5,1763,41,2019-09-05T15:30:00+00:00,2019-10-31T19:00:00+00:00,0.00037380637218104316,0.0005570259545888365,3.4495650403765053e-05,0.020296778455012276,0.25435008508224616,0.7021092737346736,1763,0.0010643849956884447,0.7646057855927396,0.0004978182685561518,50.0,4.4957487361281805,3.634520193245439,4.81935578460631
2,same_time_of_day,5,1763,41,2019-09-05T15:30:00+00:00,2019-10-31T19:00:00+00:00,0.0003716619787216191,0.0005552865592304522,2.5122165205734707e-05,0.017134770472319937,0.2510912608649066,0.6953419372403753,1763,0.0012661152790204978,0.8321043675553035,0.0006196987288395074,188.04651162790697,,,
2,unconditional,5,1763,41,2019-09-05T15:30:00+00:00,2019-10-31T19:00:00+00:00,0.000370926177613495,0.0005546278387012875,2.632664750103017e-05,-0.04192535382193117,0.2500650190674238,0.6932772220859628,1763,0.0012714684663796768,0.8360748723766307,0.0006269658999472604,8086.0,,,
2,hmm_current,15,1763,41,2019-09-05T15:30:00+00:00,2019-10-31T19:00:00+00:00,0.0006432045913440628,0.000930767163916857,7.661093937953271e-05,-0.018170038173718206,0.2557538287010777,0.7052470312622717,1763,0.001993446008903818,0.7838910947249007,0.0009065927964198922,50.0,0.02767757898915243,0.005484321474675929,0.043086506632886504
2,hmm_trajectory,15,1763,41,2019-09-05T15:30:00+00:00,2019-10-31T19:00:00+00:00,0.0006433415905161285,0.0009322308631956436,7.519453812691759e-05,0.02908221387411703,0.2543841179807147,0.7023243265335328,1763,0.0018984717950352686,0.7640385706182643,0.0008662319175323725,50.0,1.2623791460352085,0.735851455076064,1.4821163058187048
2,momentum,15,1763,41,2019-09-05T15:30:00+00:00,2019-10-31T19:00:00+00:00,0.0007135010312290026,0.0010219737190194627,7.226621430553744e-06,-0.011510716343069324,0.5028360748723766,13.858629485799185,0,,,,0.0,,,
2,raw_knn,15,1763,41,2019-09-05T15:30:00+00:00,2019-10-31T19:00:00+00:00,0.0006414713403027771,0.0009269792330419082,7.28297262533175e-05,-0.0015582574686540897,0.253503800340329,0.700417954316303,1763,0.0018236919897545547,0.7566647759500851,0.0008874388729029263,50.0,4.4957487361281805,3.634520193245439,4.81935578460631
2,same_time_of_day,15,1763,41,2019-09-05T15:30:00+00:00,2019-10-31T19:00:00+00:00,0.000630744676856397,0.0009103927580890018,5.199446757183922e-05,0.007866312665488292,0.2507294209597005,0.6946185648928902,1763,0.002165498245793264,0.8292682926829268,0.0010448222985525155,188.04651162790697,,,
2,unconditional,15,1763,41,2019-09-05T15:30:00+00:00,2019-10-31T19:00:00+00:00,0.0006303698392994243,0.0009088463252891357,6.220568950737638e-05,-0.037020426873477216,0.25028013743527755,0.6937075587424242,1763,0.002195714177000218,0.8428814520703346,0.001054031966491713,8086.0,,,
2,hmm_current,30,1763,41,2019-09-05T15:30:00+00:00,2019-10-31T19:00:00+00:00,0.0008782549809835912,0.0012557231473687336,0.00011357715323141009,-0.01696110792295535,0.2573531480431084,0.708286691677678,1763,0.0027437465030831065,0.7867271695972774,0.0012540915170796698,50.0,0.02767757898915243,0.005484321474675929,0.043086506632886504
2,hmm_trajectory,30,1763,41,2019-09-05T15:30:00+00:00,2019-10-31T19:00:00+00:00,0.0008681717731275311,0.001254712019242497,0.00013395510466320562,0.055122413328881986,0.2534947249007374,0.7006000839608981,1763,0.0026498793018438363,0.7827566647759501,0.0012199454661860716,50.0,1.2623791460352085,0.735851455076064,1.4821163058187048
2,momentum,30,1763,41,2019-09-05T15:30:00+00:00,2019-10-31T19:00:00+00:00,0.0010875420375067164,0.0015245153680011649,-1.4270443238160465e-05,-0.016236239208583962,0.4914917753828701,13.545174706292665,0,,,,0.0,,,
2,raw_knn,30,1763,41,2019-09-05T15:30:00+00:00,2019-10-31T19:00:00+00:00,0.0008740923594694283,0.001255906618804118,0.00014952896218023228,0.023906899825810905,0.25699171866137266,0.7081804781817008,1763,0.0025064139281412894,0.758366420873511,0.001228101546908888,50.0,4.4957487361281805,3.634520193245439,4.81935578460631
2,same_time_of_day,30,1763,41,2019-09-05T15:30:00+00:00,2019-10-31T19:00:00+00:00,0.000859655762761643,0.0012225902187216072,9.136673552265292e-05,0.0191423601562846,0.2505247387257322,0.6941995440401552,1763,0.0030290272204894814,0.8304027226318775,0.0014260479346691938,188.04651162790697,,,
2,unconditional,30,1763,41,2019-09-05T15:30:00+00:00,2019-10-31T19:00:00+00:00,0.0008588226024019087,0.0012217731034155333,9.60257563868098e-05,-0.05486315706361531,0.25079780836601123,0.694744927278746,1763,0.0030598534210587104,0.8411798071469087,0.0014340507559506433,8086.0,,,
2,hmm_current,60,1763,41,2019-09-05T15:30:00+00:00,2019-10-31T19:00:00+00:00,0.0012955817662806451,0.0018402734004627252,0.0001791654227923884,-0.02327558014370081,0.25772342597844583,0.7091509172653496,1763,0.0038867507688701416,0.7799205899035735,0.0017717335178574843,50.0,0.02767757898915243,0.005484321474675929,0.043086506632886504
2,hmm_trajectory,60,1763,41,2019-09-05T15:30:00+00:00,2019-10-31T19:00:00+00:00,0.0012731408368796618,0.0018138386822952575,0.0001908837786910153,0.05647358688063432,0.25421849120816786,0.7021968471956751,1763,0.003749923315267949,0.7821894498014748,0.0017589528040918051,50.0,1.2623791460352085,0.735851455076064,1.4821163058187048
2,momentum,60,1763,41,2019-09-05T15:30:00+00:00,2019-10-31T19:00:00+00:00,0.0018237891281786239,0.00255722077640407,-5.867169274097701e-05,-0.029735249206896668,0.498298355076574,13.733247503728283,0,,,,0.0,,,
2,raw_knn,60,1763,41,2019-09-05T15:30:00+00:00,2019-10-31T19:00:00+00:00,0.0012828103149679952,0.0018451911002114042,0.0002654207812442486,0.043589730929027,0.2559984117980715,0.7063227459180442,1763,0.0034487789286546796,0.7402155416903006,0.001700095629003058,50.0,4.4957487361281805,3.634520193245439,4.81935578460631
2,same_time_of_day,60,1763,41,2019-09-05T15:30:00+00:00,2019-10-31T19:00:00+00:00,0.00126489934781453,0.0017846331534789447,0.00013575813319745254,-0.006986542282407449,0.2518803459382492,0.6969381853648043,1763,0.004147107369206961,0.8252977878615996,0.001982361303280322,188.04651162790697,,,
2,unconditional,60,1763,41,2019-09-05T15:30:00+00:00,2019-10-31T19:00:00+00:00,0.001260666773408878,0.0017835483821578499,0.00013529080205826514,-0.1468971171169669,0.2509720954865818,0.6950954077591853,1763,0.004217814934385689,0.8287010777084515,0.001989668165888906,8086.0,,,
3,hmm_current,5,1691,41,2019-11-01T15:30:00+00:00,2019-12-31T20:00:00+00:00,0.00022280274466421899,0.0003249961386246936,-1.8581380553940358e-06,0.006089941411446231,0.25486197516262565,0.7031652999209191,1691,0.0008097210084612814,0.84387936132466,0.000379572012542059,50.0,0.01466939967321572,0.0033628938782556033,0.02238915317513101
3,hmm_trajectory,5,1691,41,2019-11-01T15:30:00+00:00,2019-12-31T20:00:00+00:00,0.00022229229640294073,0.0003224371597066793,1.8990483476570385e-06,0.02183025495963003,0.2550162034299231,0.7035050995249311,1691,0.0007690255428107873,0.8426966292134831,0.0003532280842390872,50.0,1.383055351850441,0.7669751722467041,1.610516797145629
3,momentum,5,1691,41,2019-11-01T15:30:00+00:00,2019-12-31T20:00:00+00:00,0.00023260895898120554,0.0003387621049323786,-8.798404997256888e-07,-0.060969386426519515,0.514340626848019,14.156636468066344,0,,,,0.0,,,
3,raw_knn,5,1691,41,2019-11-01T15:30:00+00:00,2019-12-31T20:00:00+00:00,0.00022097479728959025,0.00032260301380128555,-7.625991273525679e-07,0.01213090332980238,0.25334500295683027,0.7001507584204817,1691,0.0007301876995001984,0.826729745712596,0.0003315831768930987,50.0,3.372047251318845,2.698811002510531,3.6163785201934426
3,same_time_of_day,5,1691,41,2019-11-01T15:30:00+00:00,2019-12-31T20:00:00+00:00,0.00022022488088738404,0.0003214220778042172,2.309782074554106e-06,0.028424111402924647,0.24940932236366056,0.6919617464144109,1691,0.001208912976162415,0.9396806623299823,0.0005948893264617297,228.26670609107038,,,
3,unconditional,5,1691,41,2019-11-01T15:30:00+00:00,2019-12-31T20:00:00+00:00,0.00021939939869394679,0.0003207616695691838,4.23727466000347e-07,-0.01638188792030979,0.2500343489894788,0.6932158793357598,1691,0.0012180997789357775,0.9485511531638084,0.0006008078231809121,9814.97989355411,,,
3,hmm_current,15,1691,41,2019-11-01T15:30:00+00:00,2019-12-31T20:00:00+00:00,0.00037523779078335487,0.0005511728431290377,-1.6210664751226577e-05,0.01631540350575685,0.255563808397398,0.7046661894000072,1691,0.0013895617736933877,0.8598462448255471,0.0006548041153033482,50.0,0.01466939967321572,0.0033628938782556033,0.02238915317513101
3,hmm_trajectory,15,1691,41,2019-11-01T15:30:00+00:00,2019-12-31T20:00:00+00:00,0.0003683145585479565,0.0005367562703078493,-2.1241862237949332e-06,0.10285858969325526,0.25124068598462446,0.6958348198199271,1691,0.001326014914556905,0.8580721466587817,0.0006065206335385955,50.0,1.383055351850441,0.7669751722467041,1.610516797145629
3,momentum,15,1691,41,2019-11-01T15:30:00+00:00,2019-12-31T20:00:00+00:00,0.00043137402487792914,0.0006318432902337179,8.271530743547138e-07,-0.09425561821542888,0.5243938497930218,14.434417205049774,0,,,,0.0,,,
3,raw_knn,15,1691,41,2019-11-01T15:30:00+00:00,2019-12-31T20:00:00+00:00,0.0003737968532953969,0.0005476287792338651,-6.053403718819972e-06,0.03184680264880376,0.2552494382022472,0.7040506281417603,1691,0.0012413501483758626,0.8432879952690716,0.0005716634051206202,50.0,3.372047251318845,2.698811002510531,3.6163785201934426
3,same_time_of_day,15,1691,41,2019-11-01T15:30:00+00:00,2019-12-31T20:00:00+00:00,0.00036837274774511735,0.0005434506143251057,-3.1705143761755027e-06,0.03158701885036987,0.24992984717671296,0.6930075033465606,1691,0.0020647681773670093,0.9467770549970431,0.0010012004790615845,228.26670609107038,,,
3,unconditional,15,1691,41,2019-11-01T15:30:00+00:00,2019-12-31T20:00:00+00:00,0.000366878999958453,0.0005427460118545185,8.845950015992461e-06,0.015942384688046693,0.24985576762646952,0.69285870956905,1691,0.002089966723265733,0.9491425192193969,0.001008888124908791,9814.97989355411,,,
3,hmm_current,30,1691,41,2019-11-01T15:30:00+00:00,2019-12-31T20:00:00+00:00,0.0005207994381609217,0.00076059434889782,-7.053393326826279e-06,0.020183349340251934,0.25672667060910703,0.7071655810387955,1691,0.0019332156729568823,0.8628030751034891,0.0009116001115219713,50.0,0.01466939967321572,0.0033628938782556033,0.02238915317513101
3,hmm_trajectory,30,1691,41,2019-11-01T15:30:00+00:00,2019-12-31T20:00:00+00:00,0.0005104645899855202,0.0007427283695100942,4.491310049410012e-06,0.13653219501255676,0.2509625073920757,0.6955411344123029,1691,0.0018451701468884002,0.84387936132466,0.0008474406124260747,50.0,1.383055351850441,0.7669751722467041,1.610516797145629
3,momentum,30,1691,41,2019-11-01T15:30:00+00:00,2019-12-31T20:00:00+00:00,0.0006714503587054417,0.0009867384477948724,4.138320460027459e-06,-0.11567635590999736,0.5267593140153756,14.499777226858273,0,,,,0.0,,,
3,raw_knn,30,1691,41,2019-11-01T15:30:00+00:00,2019-12-31T20:00:00+00:00,0.0005156381792633647,0.0007559733559018099,2.3121390087261383e-05,0.05733533564005393,0.25276215257244233,0.6989817980413342,1691,0.0017383020635855645,0.8261383796570076,0.0007965743369474816,50.0,3.372047251318845,2.698811002510531,3.6163785201934426
3,same_time_of_day,30,1691,41,2019-11-01T15:30:00+00:00,2019-12-31T20:00:00+00:00,0.0005157475779554885,0.0007544829807642108,1.0539067119444302e-05,0.022388527642139323,0.2504853846242088,0.694150641619256,1691,0.002892500858799682,0.9467770549970431,0.001365731427235787,228.26670609107038,,,
3,unconditional,30,1691,41,2019-11-01T15:30:00+00:00,2019-12-31T20:00:00+00:00,0.0005130037989302711,0.0007534497713321419,2.0491240277927e-05,-0.03627228143680541,0.2490813043049677,0.6913090547290098,1691,0.002911523679236976,0.9491425192193969,0.0013719690213616937,9814.97989355411,,,
3,hmm_current,60,1691,41,2019-11-01T15:30:00+00:00,2019-12-31T20:00:00+00:00,0.0007564452609946239,0.0010776200387360173,-1.7175350808553733e-05,0.03191551954243108,0.25369651094027207,0.7008781675416333,1691,0.0028032676345800507,0.846836191602602,0.0013455760747368918,50.0,0.01466939967321572,0.0033628938782556033,0.02238915317513101
3,hmm_trajectory,60,1691,41,2019-11-01T15:30:00+00:00,2019-12-31T20:00:00+00:00,0.0007577405261429619,0.0010622470850135228,1.7083744373764286e-06,0.050854073085678866,0.2577982259018332,0.7095328100598118,1691,0.0026360448439109777,0.8385570668243643,0.0012501283151818757,50.0,1.383055351850441,0.7669751722467041,1.610516797145629
3,momentum,60,1691,41,2019-11-01T15:30:00+00:00,2019-12-31T20:00:00+00:00,0.0011549385123938915,0.001663648916225958,1.3940238233429619e-05,-0.14425281344025317,0.5415434654050858,14.908278556910215,0,,,,0.0,,,
3,raw_knn,60,1691,41,2019-11-01T15:30:00+00:00,2019-12-31T20:00:00+00:00,0.0007490617912986783,0.0010631776474004423,6.521101333290026e-05,0.07474932171839968,0.2573762270845653,0.7084976462649643,1691,0.002509978969176958,0.8137196924896511,0.0011995002848921538,50.0,3.372047251318845,2.698811002510531,3.6163785201934426
3,same_time_of_day,60,1691,41,2019-11-01T15:30:00+00:00,2019-12-31T20:00:00+00:00,0.0007526634196786472,0.0010729237618175278,2.207739870520418e-05,-0.015798783365716787,0.25003953186628464,0.6932308492731326,1691,0.003981815658475397,0.9426374926079243,0.0019047495342025308,228.26670609107038,,,
3,unconditional,60,1691,41,2019-11-01T15:30:00+00:00,2019-12-31T20:00:00+00:00,0.0007452043209373379,0.001065337757688204,2.146745640139302e-05,-0.012580224560775462,0.24892729880522407,0.6910010066562792,1691,0.004029418157466826,0.9467770549970431,0.0019102107440609195,9814.97989355411,,,
