embargo_sessions,fold,method,horizon_minutes,n_forecasts,n_sessions,query_start,query_end,mae,rmse,mean_signed_error,spearman,brier,log_loss,n_intervals,interval_10_90_width,interval_10_90_coverage,neighbor_return_std_mean,effective_neighbor_count_mean,distance_mean,distance_min_mean,distance_max_mean
0,0,hmm_current,5,5255,124,2019-07-08T15:30:00+00:00,2019-12-31T20:00:00+00:00,0.0003527470419525987,0.0005558985855609226,2.0041746760970918e-05,0.025141437285072895,0.2544682017126546,0.7025501680003463,5255,0.0010986825815171074,0.7980970504281637,0.0004934568352175294,50.0,0.023466698717138607,0.004602725293675137,0.03698224667858913
0,0,hmm_trajectory,5,5255,124,2019-07-08T15:30:00+00:00,2019-12-31T20:00:00+00:00,0.0003517668705929965,0.0005531437323777554,1.6397441612957153e-05,0.019337247950179496,0.2547321027592769,0.702873373234866,5255,0.001050135063675229,0.7920076117982874,0.00046665264239231135,50.0,1.3149963899235224,0.7451185432484455,1.5576762844426428
0,0,momentum,5,5255,124,2019-07-08T15:30:00+00:00,2019-12-31T20:00:00+00:00,0.00036648554331861476,0.0005729621636563267,-9.738150071682807e-07,-0.026562844876140516,0.5053282588011417,13.922532915425279,0,,,,0.0,,,
0,0,raw_knn,5,5255,124,2019-07-08T15:30:00+00:00,2019-12-31T20:00:00+00:00,0.0003506776821116153,0.0005514291475027132,1.9888643431983075e-05,0.033224237583827615,0.2541219410085633,0.7016639413798151,5255,0.0009903312107598006,0.7735490009514748,0.00045095180877904097,50.0,4.447773281192895,3.593173766389702,4.781157480303969
0,0,same_time_of_day,5,5255,124,2019-07-08T15:30:00+00:00,2019-12-31T20:00:00+00:00,0.00034912363575868936,0.0005501300080849228,1.563980014020021e-05,0.02259771871188053,0.2502684194349534,0.6936942851131213,5255,0.0012395311858469677,0.8475737392959086,0.0006064577212456831,187.77278782112273,,,
0,0,unconditional,5,5255,124,2019-07-08T15:30:00+00:00,2019-12-31T20:00:00+00:00,0.0003483149675929367,0.0005497402618346807,1.5798483923418844e-05,-0.024990408038667828,0.2500310644760843,0.6932093118464178,5255,0.0012486669485075644,0.8534728829686014,0.0006137855644216302,8085.553568030447,,,
0,0,hmm_current,15,5255,124,2019-07-08T15:30:00+00:00,2019-12-31T20:00:00+00:00,0.0006048507478648991,0.0009399275868825081,4.866149896660264e-05,-0.003676381178855494,0.2553602283539486,0.7043161230875234,5255,0.0018601416830133382,0.8022835394862036,0.0008412841934950044,50.0,0.023466698717138607,0.004602725293675137,0.03698224667858913
0,0,hmm_trajectory,15,5255,124,2019-07-08T15:30:00+00:00,2019-12-31T20:00:00+00:00,0.000603448174447762,0.0009385145819242914,4.5153581490214384e-05,0.04178440135983465,0.2535659752616556,0.700645512673778,5255,0.001804989049254193,0.7889628924833492,0.0008035885172738767,50.0,1.3149963899235224,0.7451185432484455,1.5576762844426428
0,0,momentum,15,5255,124,2019-07-08T15:30:00+00:00,2019-12-31T20:00:00+00:00,0.0006811371852200223,0.0010398612622156366,-2.412848777404716e-06,-0.038113532745693256,0.5169362511893435,14.243273690830572,0,,,,0.0,,,
0,0,raw_knn,15,5255,124,2019-07-08T15:30:00+00:00,2019-12-31T20:00:00+00:00,0.0006045531861325543,0.0009388665690742385,4.8639397186153426e-05,0.006964926141525118,0.25573039010466225,0.7050431036741468,5255,0.00169104527808246,0.7737392959086584,0.0007905084600626724,50.0,4.447773281192895,3.593173766389702,4.781157480303969
0,0,same_time_of_day,15,5255,124,2019-07-08T15:30:00+00:00,2019-12-31T20:00:00+00:00,0.0005960363828960264,0.0009256548419155128,3.542372698927431e-05,0.011885487428252786,0.2508289029425352,0.6948220916302803,5255,0.0021199811634924175,0.8447193149381541,0.00102241672530153,187.77278782112273,,,
0,0,unconditional,15,5255,124,2019-07-08T15:30:00+00:00,2019-12-31T20:00:00+00:00,0.000594728739580209,0.0009240832638634156,4.444352645730753e-05,-0.026806529249885813,0.2501162113024791,0.6933797095084147,5255,0.0021485133268104085,0.8529019980970505,0.0010323874727701467,8085.553568030447,,,
0,0,hmm_current,30,5255,124,2019-07-08T15:30:00+00:00,2019-12-31T20:00:00+00:00,0.0008418601819320697,0.0013126887246595156,9.80269431648233e-05,-0.017607379376752868,0.2570617697431018,0.7078337665836424,5255,0.0025652912367368236,0.7984776403425309,0.001166883298404774,50.0,0.023466698717138607,0.004602725293675137,0.03698224667858913
0,0,hmm_trajectory,30,5255,124,2019-07-08T15:30:00+00:00,2019-12-31T20:00:00+00:00,0.0008337550398960432,0.0013107505171314957,0.00010176056115580181,0.05029990089262762,0.25346717411988584,0.7007075770668934,5255,0.002505083419515402,0.7906755470980019,0.0011211526064499886,50.0,1.3149963899235224,0.7451185432484455,1.5576762844426428
0,0,momentum,30,5255,124,2019-07-08T15:30:00+00:00,2019-12-31T20:00:00+00:00,0.0010590953448286237,0.0016055262728395725,-1.1558336675706325e-05,-0.0456779775278409,0.5169362511893435,14.243273539281429,0,,,,0.0,,,
0,0,raw_knn,30,5255,124,2019-07-08T15:30:00+00:00,2019-12-31T20:00:00+00:00,0.0008356747956359233,0.0013141824551373702,0.00012434467723372082,0.027711572914448934,0.25559992388201713,0.7051795070312408,5255,0.0023455013199403215,0.7699333967649857,0.0010988067800582247,50.0,4.447773281192895,3.593173766389702,4.781157480303969
0,0,same_time_of_day,30,5255,124,2019-07-08T15:30:00+00:00,2019-12-31T20:00:00+00:00,0.0008275586140509479,0.001288958577207654,7.933727436448271e-05,-0.00022844552416436992,0.2511831677378578,0.6955515125233963,5255,0.0029695534030845746,0.8454804947668887,0.0013929125668203357,187.77278782112273,,,
0,0,unconditional,30,5255,124,2019-07-08T15:30:00+00:00,2019-12-31T20:00:00+00:00,0.0008250113531331011,0.0012871341242453836,8.491107244120793e-05,-0.040150958656231646,0.2499977106006173,0.6931438888960191,5255,0.003003828788874484,0.855185537583254,0.001401407687480238,8085.553568030447,,,
0,0,hmm_current,60,5255,124,2019-07-08T15:30:00+00:00,2019-12-31T20:00:00+00:00,0.001214040804308358,0.0018788609811506908,0.00015066109319175467,-0.019198495492384785,0.256985271170314,0.7077657337881921,5255,0.0036262396309899034,0.7887725975261656,0.0016468823979454961,50.0,0.023466698717138607,0.004602725293675137,0.03698224667858913
0,0,hmm_trajectory,60,5255,124,2019-07-08T15:30:00+00:00,2019-12-31T20:00:00+00:00,0.0012138532692354384,0.0018666503736594643,0.00015488552012028398,0.004754041759670076,0.2582313986679353,0.7105822275746853,5255,0.0035029097885351814,0.7798287345385347,0.0015962495362290769,50.0,1.3149963899235224,0.7451185432484455,1.5576762844426428
0,0,momentum,60,5255,124,2019-07-08T15:30:00+00:00,2019-12-31T20:00:00+00:00,0.001766460453097967,0.002663735945882791,-4.58495610238982e-05,-0.04377544825767974,0.5142721217887726,14.169660814106537,0,,,,0.0,,,
0,0,raw_knn,60,5255,124,2019-07-08T15:30:00+00:00,2019-12-31T20:00:00+00:00,0.0012185974493739988,0.0019067441090116805,0.0002354206525589376,0.021574719443386126,0.25908833491912464,0.7133387439791243,5255,0.0032478031223264355,0.7526165556612749,0.0015432042227624277,50.0,4.447773281192895,3.593173766389702,4.781157480303969
0,0,same_time_of_day,60,5255,124,2019-07-08T15:30:00+00:00,2019-12-31T20:00:00+00:00,0.001191474765968163,0.0018358425580612184,0.00012464959605867137,-0.011774375166354389,0.2512378567119098,0.6956583576909834,5255,0.004071566319594821,0.8414843006660323,0.0019338671135279198,187.77278782112273,,,
0,0,unconditional,60,5255,124,2019-07-08T15:30:00+00:00,2019-12-31T20:00:00+00:00,0.0011850353730251733,0.0018321545169475888,0.00012388266422559766,-0.06140210386932583,0.24969255694252993,0.692533966508989,5255,0.004129923462294242,0.8456707897240723,0.0019417183091119988,8085.553568030447,,,
0,1,hmm_current,5,1801,42,2019-07-08T15:30:00+00:00,2019-09-04T19:00:00+00:00,0.000452006876962265,0.0007004813157659876,2.751996713992728e-05,0.03089688611149368,0.25376923931149364,0.7010654256384645,1801,0.0012951496434449178,0.7679067184897279,0.0005646263783750728,50.0,0.0278245754939175,0.004938235609822666,0.04507228027258664
0,1,hmm_trajectory,5,1801,42,2019-07-08T15:30:00+00:00,2019-09-04T19:00:00+00:00,0.0004512397365871411,0.0006982210618253045,1.3283157905263114e-05,0.022913509887919254,0.2548075513603554,0.7029576803516071,1801,0.0012499223357388789,0.7595780122154359,0.0005399682632535705,50.0,1.3079639270980947,0.7367693702228643,1.5884662203090814
0,1,momentum,5,1801,42,2019-07-08T15:30:00+00:00,2019-09-04T19:00:00+00:00,0.0004694042396227458,0.000723338143544412,-8.106052085366454e-06,-0.009089098295057567,0.504858411993337,13.9187033790165,0,,,,0.0,,,
0,1,raw_knn,5,1801,42,2019-07-08T15:30:00+00:00,2019-09-04T19:00:00+00:00,0.0004502918527746466,0.0006972655590109479,2.6308116399121227e-05,0.061870286634554135,0.25480155469183785,0.7030108145120809,1801,0.001168306993495748,0.7357023875624653,0.0005203508853272082,50.0,5.421601355722291,4.399677284748841,5.849524306797323
0,1,same_time_of_day,5,1801,42,2019-07-08T15:30:00+00:00,2019-09-04T19:00:00+00:00,0.00044816914947938004,0.0006959286868533824,1.8948027573402317e-05,0.019797573116851385,0.2503698188397172,0.6939111161338484,1801,0.0012449060000519268,0.7756801776790672,0.0006055073090750716,147.60632981676846,,,
0,1,unconditional,5,1801,42,2019-07-08T15:30:00+00:00,2019-09-04T19:00:00+00:00,0.00044723053413041005,0.0006957162356484911,2.0165387120761036e-05,-0.029445284447891032,0.24999711050979828,0.693141404355876,1801,0.0012582739487178006,0.781787895613548,0.0006145427617041566,6358.539144919489,,,
0,1,hmm_current,15,1801,42,2019-07-08T15:30:00+00:00,2019-09-04T19:00:00+00:00,0.0007829829777819551,0.0012014048237625292,8.126862754072424e-05,0.0011051396829448088,0.2549776790671849,0.7034104446182065,1801,0.0021793861230127915,0.7640199888950583,0.0009558017282082712,50.0,0.0278245754939175,0.004938235609822666,0.04507228027258664
0,1,hmm_trajectory,15,1801,42,2019-07-08T15:30:00+00:00,2019-09-04T19:00:00+00:00,0.0007852439287867481,0.0012045272628073158,6.202205199973963e-05,0.018167564820240862,0.2545548028872849,0.7027336029967077,1801,0.00216821155751308,0.747917823431427,0.0009290291884575284,50.0,1.3079639270980947,0.7367693702228643,1.5884662203090814
0,1,momentum,15,1801,42,2019-07-08T15:30:00+00:00,2019-09-04T19:00:00+00:00,0.0008839645275990601,0.0013258356156416855,-1.4891043729073785e-05,-0.025062910519363293,0.5237368128817323,14.440333130544982,0,,,,0.0,,,
0,1,raw_knn,15,1801,42,2019-07-08T15:30:00+00:00,2019-09-04T19:00:00+00:00,0.0007850437616224099,0.0012048135159184407,7.900549108599882e-05,0.007055882562164395,0.2578751804553026,0.7095581107244009,1801,0.001989472284928849,0.7262631871182677,0.0009062515731323681,50.0,5.421601355722291,4.399677284748841,5.849524306797323
0,1,same_time_of_day,15,1801,42,2019-07-08T15:30:00+00:00,2019-09-04T19:00:00+00:00,0.0007760607084697453,0.0011880717680086046,5.5716676186543146e-05,-0.005544533119948619,0.2519114533261441,0.6970078565521002,1801,0.0021321585559945836,0.7634647418101055,0.0010224371969911686,147.60632981676846,,,
0,1,unconditional,15,1801,42,2019-07-08T15:30:00+00:00,2019-09-04T19:00:00+00:00,0.0007737380166364905,0.0011859088844431934,6.054834067651262e-05,-0.05088742540748708,0.2501680792582797,0.6934835366709596,1801,0.0021640132018040012,0.7723486951693503,0.0010358839448889017,6358.539144919489,,,
0,1,hmm_current,30,1801,42,2019-07-08T15:30:00+00:00,2019-09-04T19:00:00+00:00,0.0011083639487260606,0.0017165645008725401,0.00018291800069691923,-0.04195118408293369,0.25748384230982785,0.7088442670755003,1801,0.002996607392486406,0.7518045530260966,0.0013251942517930645,50.0,0.0278245754939175,0.004938235609822666,0.04507228027258664
0,1,hmm_trajectory,30,1801,42,2019-07-08T15:30:00+00:00,2019-09-04T19:00:00+00:00,0.00110479627492848,0.0017213741732443257,0.00016557936415276866,-0.0033751469582402136,0.2563617990005553,0.7069063922055064,1801,0.002989704343344505,0.7490283176013326,0.001284787428657263,50.0,1.3079639270980947,0.7367693702228643,1.5884662203090814
0,1,momentum,30,1801,42,2019-07-08T15:30:00+00:00,2019-09-04T19:00:00+00:00,0.0013952175837752216,0.002081351069381501,-2.3641403497982378e-05,-0.02419016458335463,0.5326207662409772,14.685805747425096,0,,,,0.0,,,
0,1,raw_knn,30,1801,42,2019-07-08T15:30:00+00:00,2019-09-04T19:00:00+00:00,0.0010986850827853572,0.0017210943773075795,0.0001999371679694157,0.011031378939430035,0.2571506940588562,0.7086398818547216,1801,0.0027695837035539984,0.7290394225430317,0.0012631806783104178,50.0,5.421601355722291,4.399677284748841,5.849524306797323
0,1,same_time_of_day,30,1801,42,2019-07-08T15:30:00+00:00,2019-09-04T19:00:00+00:00,0.001089044408183405,0.0016883005253052893,0.00013260859741008523,-0.023319668922663392,0.2525669230482276,0.6983596966981939,1801,0.002990299991505191,0.7651304830649639,0.0013887876716289435,147.60632981676846,,,
0,1,unconditional,30,1801,42,2019-07-08T15:30:00+00:00,2019-09-04T19:00:00+00:00,0.001084736189393411,0.0016850687224560284,0.00013477034558920437,-0.0654817259232284,0.2500036623938118,0.6931565505437535,1801,0.0030450693725451125,0.7806774014436424,0.0014007009316579307,6358.539144919489,,,
0,1,hmm_current,60,1801,42,2019-07-08T15:30:00+00:00,2019-09-04T19:00:00+00:00,0.0015651140730901783,0.0024309912095391347,0.000283132442236868,-0.05245238170124799,0.25923220433092725,0.7125445127863097,1801,0.004161142025033416,0.7401443642420877,0.0018149991717771985,50.0,0.0278245754939175,0.004938235609822666,0.04507228027258664
0,1,hmm_trajectory,60,1801,42,2019-07-08T15:30:00+00:00,2019-09-04T19:00:00+00:00,0.0015855997328308336,0.0024299018194791715,0.0002649302501311916,-0.07513421032989713,0.2626431982232093,0.7200182954565907,1801,0.004094665923201656,0.7234869516935036,0.0017686188153143178,50.0,1.3079639270980947,0.7367693702228643,1.5884662203090814
0,1,momentum,60,1801,42,2019-07-08T15:30:00+00:00,2019-09-04T19:00:00+00:00,0.0022845132835051817,0.0034210087232340925,-8.943597541975128e-05,0.004947366606879855,0.5043031649083842,13.903361015725542,0,,,,0.0,,,
0,1,raw_knn,60,1801,42,2019-07-08T15:30:00+00:00,2019-09-04T19:00:00+00:00,0.0015998374585326368,0.002495181531619091,0.0003729111325447003,-0.048735821001619856,0.2652808439755691,0.7281109533113901,1801,0.0037614056613033075,0.7051637978900611,0.0017220283907129685,50.0,5.421601355722291,4.399677284748841,5.849524306797323
0,1,same_time_of_day,60,1801,42,2019-07-08T15:30:00+00:00,2019-09-04T19:00:00+00:00,0.0015327955896134607,0.002374098315324281,0.0002110924763670409,-0.013554263328145714,0.25189361000768856,0.6970066541486551,1801,0.004089902646989772,0.7617990005552471,0.0019172228685829286,147.60632981676846,,,
0,1,unconditional,60,1801,42,2019-07-08T15:30:00+00:00,2019-09-04T19:00:00+00:00,0.0015239179744678407,0.002369596020877543,0.00021018168533040152,-0.095871784994253,0.24906885430009656,0.6912860350561467,1801,0.004149315216786107,0.7679067184897279,0.0019288357867623728,6358.539144919489,,,
0,2,hmm_current,5,1763,41,2019-09-05T15:30:00+00:00,2019-10-31T19:00:00+00:00,0.0003760674183489178,0.0005645040348606348,3.344725006516303e-05,0.028159891461609105,0.25465184344866704,0.7031726685714681,1763,0.0011774311342974168,0.7884288145207033,0.0005314042996804585,50.0,0.027507100919852562,0.00545001139835772,0.04280022564662049
0,2,hmm_trajectory,5,1763,41,2019-09-05T15:30:00+00:00,2019-10-31T19:00:00+00:00,0.00037421644215828587,0.0005605336218078692,3.3796406060579536e-05,0.018074263737682002,0.25418763471355643,0.7017974925201976,1763,0.001116653534896047,0.7770845150311968,0.0005009650153479673,50.0,1.2600429106942888,0.7347369956285424,1.4793209672160037
0,2,momentum,5,1763,41,2019-09-05T15:30:00+00:00,2019-10-31T19:00:00+00:00,0.0003897576545329195,0.0005778902987397251,6.222014876977768e-06,-0.023189719167054347,0.49716392512762336,13.701902108593835,0,,,,0.0,,,
0,2,raw_knn,5,1763,41,2019-09-05T15:30:00+00:00,2019-10-31T19:00:00+00:00,0.00037337520214164523,0.0005565759787502407,3.364622990064436e-05,0.019309262659890934,0.25435099262620536,0.7021021217743588,1763,0.0010611972227323613,0.763471355643789,0.0004962032163130755,50.0,4.490591477768459,3.631086823600585,4.813617454304185
0,2,same_time_of_day,5,1763,41,2019-09-05T15:30:00+00:00,2019-10-31T19:00:00+00:00,0.00037159280577621785,0.0005552362443689369,2.511448872716033e-05,0.015614066050901957,0.25105266984657415,0.6952632078879627,1763,0.0012654271638874407,0.8321043675553035,0.0006193459588239056,189.04651162790697,,,
0,2,unconditional,5,1763,41,2019-09-05T15:30:00+00:00,2019-10-31T19:00:00+00:00,0.00037091855312943844,0.0005546835327455317,2.6205985179314014e-05,-0.04647986745815253,0.25006165911355943,0.6932705021769323,1763,0.0012705103199567662,0.8355076574021554,0.0006265240463081808,8140.53488372093,,,
0,2,hmm_current,15,1763,41,2019-09-05T15:30:00+00:00,2019-10-31T19:00:00+00:00,0.0006436552903173982,0.0009312569986133265,7.614501716814368e-05,-0.019121239855135926,0.25603244469654,0.7058653184967844,1763,0.0019906132394171606,0.7850255246738513,0.0009050133699106429,50.0,0.027507100919852562,0.00545001139835772,0.04280022564662049
0,2,hmm_trajectory,15,1763,41,2019-09-05T15:30:00+00:00,2019-10-31T19:00:00+00:00,0.0006427803985770856,0.0009308955500158073,7.34529736051157e-05,0.027342296040485402,0.25437163925127626,0.7022813312890639,1763,0.0018958411626141087,0.763471355643789,0.0008655279074561231,50.0,1.2600429106942888,0.7347369956285424,1.4793209672160037
0,2,momentum,15,1763,41,2019-09-05T15:30:00+00:00,2019-10-31T19:00:00+00:00,0.0007135010312290026,0.0010219737190194627,7.226621430553744e-06,-0.011510716343069324,0.5028360748723766,13.858629485799185,0,,,,0.0,,,
0,2,raw_knn,15,1763,41,2019-09-05T15:30:00+00:00,2019-10-31T19:00:00+00:00,0.0006414650565385412,0.0009258211948256924,7.236943696343244e-05,-0.0023070598763380427,0.2537563244469654,0.7009334922934758,1763,0.001823758569514494,0.7560975609756098,0.0008850780109010305,50.0,4.490591477768459,3.631086823600585,4.813617454304185
0,2,same_time_of_day,15,1763,41,2019-09-05T15:30:00+00:00,2019-10-31T19:00:00+00:00,0.0006304583825178814,0.0009103136845949635,5.1742772725565155e-05,0.010885925305462302,0.250630388972479,0.6944200476457618,1763,0.002164248925990309,0.8304027226318775,0.0010441299231822429,189.04651162790697,,,
0,2,unconditional,15,1763,41,2019-09-05T15:30:00+00:00,2019-10-31T19:00:00+00:00,0.0006303672907907485,0.0009088483179302599,6.215395053276887e-05,-0.04997602508628144,0.2502948606130852,0.693737013521454,1763,0.0021937227499328783,0.8428814520703346,0.001053137475604258,8140.53488372093,,,
0,2,hmm_current,30,1763,41,2019-09-05T15:30:00+00:00,2019-10-31T19:00:00+00:00,0.0008770198815213051,0.0012536382881798954,0.00011179741797236234,-0.00898742703006952,0.2571301191151446,0.7078474062225836,1763,0.002738531243665781,0.7855927396483268,0.0012520608872164296,50.0,0.027507100919852562,0.00545001139835772,0.04280022564662049
0,2,hmm_trajectory,30,1763,41,2019-09-05T15:30:00+00:00,2019-10-31T19:00:00+00:00,0.0008662096101798642,0.0012505387438820775,0.00012976567288147295,0.05900216765330245,0.2526153148043108,0.6987021096084118,1763,0.002644877243361849,0.7810550198525241,0.0012180865025971193,50.0,1.2600429106942888,0.7347369956285424,1.4793209672160037
0,2,momentum,30,1763,41,2019-09-05T15:30:00+00:00,2019-10-31T19:00:00+00:00,0.0010875420375067164,0.0015245153680011649,-1.4270443238160465e-05,-0.016236239208583962,0.4914917753828701,13.545174706292665,0,,,,0.0,,,
0,2,raw_knn,30,1763,41,2019-09-05T15:30:00+00:00,2019-10-31T19:00:00+00:00,0.0008742087794050414,0.0012546471507492473,0.00014771025787396397,0.01947086208602313,0.2568805445263755,0.7079293367003311,1763,0.002501635067916793,0.7577992058990357,0.0012239471099178762,50.0,4.490591477768459,3.631086823600585,4.813617454304185
0,2,same_time_of_day,30,1763,41,2019-09-05T15:30:00+00:00,2019-10-31T19:00:00+00:00,0.0008596811681252285,0.0012225353493680075,9.093486432813645e-05,0.01927760814818782,0.25051400094119836,0.6941771224906408,1763,0.0030271738759943185,0.8304027226318775,0.001425039410234506,189.04651162790697,,,
0,2,unconditional,30,1763,41,2019-09-05T15:30:00+00:00,2019-10-31T19:00:00+00:00,0.0008588304297660885,0.0012217894845492534,9.584156476548715e-05,-0.07032849098920285,0.2508389705128953,0.694827435669794,1763,0.0030574834989033277,0.841747022121384,0.001432760530479506,8140.53488372093,,,
0,2,hmm_current,60,1763,41,2019-09-05T15:30:00+00:00,2019-10-31T19:00:00+00:00,0.0012937393747150098,0.0018359101710662754,0.0001766917399683629,-0.01936469735988803,0.2575450935904708,0.7088204432258065,1763,0.0038797710513600054,0.7816222348269994,0.0017686672688990734,50.0,0.027507100919852562,0.00545001139835772,0.04280022564662049
0,2,hmm_trajectory,60,1763,41,2019-09-05T15:30:00+00:00,2019-10-31T19:00:00+00:00,0.0012706962647983165,0.0018083294364045906,0.0001891660807192392,0.06270692016424108,0.25375723199092454,0.7012005423969153,1763,0.003735441183868615,0.7810550198525241,0.0017548025984185005,50.0,1.2600429106942888,0.7347369956285424,1.4793209672160037
0,2,momentum,60,1763,41,2019-09-05T15:30:00+00:00,2019-10-31T19:00:00+00:00,0.0018237891281786239,0.00255722077640407,-5.867169274097701e-05,-0.029735249206896668,0.498298355076574,13.733247503728283,0,,,,0.0,,,
0,2,raw_knn,60,1763,41,2019-09-05T15:30:00+00:00,2019-10-31T19:00:00+00:00,0.0012812560280753597,0.001842717892303868,0.00026291371326449,0.05134209529503079,0.25571344299489507,0.7056067524958843,1763,0.0034456938941278686,0.742484401588202,0.0016964023534160064,50.0,4.490591477768459,3.631086823600585,4.813617454304185
0,2,same_time_of_day,60,1763,41,2019-09-05T15:30:00+00:00,2019-10-31T19:00:00+00:00,0.0012644339099117336,0.0017844993053596477,0.0001350202514694384,-0.0075130806347166795,0.25182954865626384,0.6968339433828079,1763,0.0041453219043819725,0.8258650028360749,0.0019813523118795413,189.04651162790697,,,
0,2,unconditional,60,1763,41,2019-09-05T15:30:00+00:00,2019-10-31T19:00:00+00:00,0.0012607078243880934,0.0017835654724463357,0.00013422482250344703,-0.18523300798198572,0.25103127902781347,0.6952141081044036,1763,0.00421545226722415,0.8281338627339762,0.0019884103296101134,8140.53488372093,,,
0,3,hmm_current,5,1691,41,2019-11-01T15:30:00+00:00,2019-12-31T20:00:00+00:00,0.00022271700857641924,0.00032481360165560145,-1.8992214399700098e-06,0.009273810350024048,0.25502117090479004,0.7034824876259301,1691,0.0008073337482328537,0.8403311649911295,0.00037809448922410555,50.0,0.014612905010241218,0.0033620277880943576,0.02230025529867854
0,3,hmm_trajectory,5,1691,41,2019-11-01T15:30:00+00:00,2019-12-31T20:00:00+00:00,0.00022241783077924166,0.0003225421324374042,1.574526554647687e-06,0.01691942418488518,0.2552193968066233,0.7039052718644991,1691,0.0007680008580283124,0.8421052631578947,0.0003527944834970133,50.0,1.3797796243586105,0.7648344090514977,1.6065750128726308
0,3,momentum,5,1691,41,2019-11-01T15:30:00+00:00,2019-12-31T20:00:00+00:00,0.00023260895898120554,0.0003387621049323786,-8.798404997256888e-07,-0.060969386426519515,0.514340626848019,14.156636468066344,0,,,,0.0,,,
0,3,raw_knn,5,1691,41,2019-11-01T15:30:00+00:00,2019-12-31T20:00:00+00:00,0.0002209196400199169,0.0003227652911905695,-1.2917798430409732e-06,0.01337401032969049,0.2531593140153755,0.6997726163964969,1691,0.000726894685736107,0.8243642814902424,0.00032986016575967233,50.0,3.3659561062726353,2.694679646680894,3.6094510411100527
0,3,same_time_of_day,5,1691,41,2019-11-01T15:30:00+00:00,2019-12-31T20:00:00+00:00,0.00022020931467538546,0.0003213515310414151,2.238266381473021e-06,0.026637935472134774,0.2493427814670842,0.6918276242495048,1691,0.0012068081523351488,0.9402720283855707,0.0005940329604348406,229.224127735068,,,
0,3,unconditional,5,1691,41,2019-11-01T15:30:00+00:00,2019-12-31T20:00:00+00:00,0.0002193989080809072,0.0003207633605444682,2.9687696152855876e-07,-0.019391073872111187,0.25003532985007154,0.6932178410230994,1691,0.0012156615840820297,0.9485511531638084,0.0005996982457511288,9867.58840922531,,,
0,3,hmm_current,15,1691,41,2019-11-01T15:30:00+00:00,2019-12-31T20:00:00+00:00,0.0003746741929125786,0.0005514045581066628,-1.4720453222226357e-05,0.018312780764578176,0.25506682436428146,0.7036655585793701,1691,0.001384103486455706,0.8610289769367239,0.0006528746026970365,50.0,0.014612905010241218,0.0033620277880943576,0.02230025529867854
0,3,hmm_trajectory,15,1691,41,2019-11-01T15:30:00+00:00,2019-12-31T20:00:00+00:00,0.0003688196323398311,0.0005371212542082026,-2.316521221923995e-06,0.09637044860666552,0.2516728562980485,0.6967161224370272,1691,0.0013234183731880862,0.8592548787699587,0.0006054112294601236,50.0,1.3797796243586105,0.7648344090514977,1.6065750128726308
0,3,momentum,15,1691,41,2019-11-01T15:30:00+00:00,2019-12-31T20:00:00+00:00,0.00043137402487792914,0.0006318432902337179,8.271530743547138e-07,-0.09425561821542888,0.5243938497930218,14.434417205049774,0,,,,0.0,,,
0,3,raw_knn,15,1691,41,2019-11-01T15:30:00+00:00,2019-12-31T20:00:00+00:00,0.00037383813351103744,0.000547394792911941,-8.442445061607932e-06,0.027219054386851956,0.25550419869899466,0.7045189860908326,1691,0.0012348415098240209,0.8426966292134831,0.0005686400598459091,50.0,3.3659561062726353,2.694679646680894,3.6094510411100527
0,3,same_time_of_day,15,1691,41,2019-11-01T15:30:00+00:00,2019-12-31T20:00:00+00:00,0.0003684137952605456,0.0005435461872495264,-3.2031678287989717e-06,0.030901337727743488,0.24988289873693445,0.6929133044750515,1691,0.002060859017318446,0.9461856889414547,0.0009997572117730045,229.224127735068,,,
0,3,unconditional,15,1691,41,2019-11-01T15:30:00+00:00,2019-12-31T20:00:00+00:00,0.0003669188792830213,0.0005428226716302996,8.826584970715754e-06,-0.04985513960423224,0.24987471341779796,0.6928966109308089,1691,0.002084870814788898,0.9491425192193969,0.0010070300503677717,9867.58840922531,,,
0,3,hmm_current,30,1691,41,2019-11-01T15:30:00+00:00,2019-12-31T20:00:00+00:00,0.0005213635323922705,0.0007603417870164904,-6.743099236711923e-06,0.015542020351220563,0.25654098166765227,0.7067433123735366,1691,0.0019253015686583209,0.8616203429923123,0.0009094698648581987,50.0,0.014612905010241218,0.0033620277880943576,0.02230025529867854
0,3,hmm_trajectory,30,1691,41,2019-11-01T15:30:00+00:00,2019-12-31T20:00:00+00:00,0.0005112460678654133,0.0007435047826185125,4.592804698146336e-06,0.12718948162219,0.25127238320520406,0.6961963843197974,1691,0.0018431917605813387,0.8450620934358368,0.0008458121134265158,50.0,1.3797796243586105,0.7648344090514977,1.6065750128726308
0,3,momentum,30,1691,41,2019-11-01T15:30:00+00:00,2019-12-31T20:00:00+00:00,0.0006714503587054417,0.0009867384477948724,4.138320460027459e-06,-0.11567635590999736,0.5267593140153756,14.499777226858273,0,,,,0.0,,,
0,3,raw_knn,30,1691,41,2019-11-01T15:30:00+00:00,2019-12-31T20:00:00+00:00,0.0005153809218682793,0.0007557050077398888,1.947442620844869e-05,0.06004984584876626,0.25261312832643407,0.6986271210089489,1691,0.0017310505981362112,0.8261383796570076,0.0007932717166077421,50.0,3.3659561062726353,2.694679646680894,3.6094510411100527
0,3,same_time_of_day,30,1691,41,2019-11-01T15:30:00+00:00,2019-12-31T20:00:00+00:00,0.0005155728198075939,0.0007543561034667185,1.050924130058464e-05,0.023447513263426548,0.25040705759506354,0.6939935645215852,1691,0.002887383385647905,0.9467770549970431,0.0013638110359513328,229.224127735068,,,
0,3,unconditional,30,1691,41,2019-11-01T15:30:00+00:00,2019-12-31T20:00:00+00:00,0.0005131323098399169,0.0007536308176449962,2.0412545588904015e-05,-0.07890182788765236,0.2491142922653783,0.6913751741770747,1691,0.002903966254887698,0.9485511531638084,0.0013694726224466876,9867.58840922531,,,
0,3,hmm_current,60,1691,41,2019-11-01T15:30:00+00:00,2019-12-31T20:00:00+00:00,0.0007570381214562084,0.0010779940772116278,-1.7566541283354467e-05,0.030267703725377154,0.2540085156712005,0.7015764767130154,1691,0.0027922153224240525,0.8480189237137788,0.0013408593126929516,50.0,0.014612905010241218,0.0033620277880943576,0.02230025529867854
0,3,hmm_trajectory,60,1691,41,2019-11-01T15:30:00+00:00,2019-12-31T20:00:00+00:00,0.0007586613223917599,0.001063190574915981,1.942180625545597e-06,0.045901793857131806,0.2581972797161443,0.7103134828751565,1691,0.0026302275599679632,0.8385570668243643,0.001247363598752748,50.0,1.3797796243586105,0.7648344090514977,1.6065750128726308
0,3,momentum,60,1691,41,2019-11-01T15:30:00+00:00,2019-12-31T20:00:00+00:00,0.0011549385123938915,0.001663648916225958,1.3940238233429619e-05,-0.14425281344025317,0.5415434654050858,14.908278556910215,0,,,,0.0,,,
0,3,raw_knn,60,1691,41,2019-11-01T15:30:00+00:00,2019-12-31T20:00:00+00:00,0.0007472311981941016,0.0010616985223608798,6.032271022999161e-05,0.08462738160805694,0.25601159077468955,0.7056668054679129,1691,0.0024944739659791396,0.8137196924896511,0.0011930264398995164,50.0,3.3659561062726353,2.694679646680894,3.6094510411100527
0,3,same_time_of_day,60,1691,41,2019-11-01T15:30:00+00:00,2019-12-31T20:00:00+00:00,0.0007518853075662138,0.0010726984939566939,2.177136251369455e-05,-0.013688116295071853,0.24992256127513032,0.6929967139920166,1691,0.003975141232889881,0.9426374926079243,0.0019020870310039817,229.224127735068,,,
0,3,unconditional,60,1691,41,2019-11-01T15:30:00+00:00,2019-12-31T20:00:00+00:00,0.0007452139082403881,0.001065299762169536,2.1187358457649606e-05,-0.04325554798946085,0.24896110893701104,0.6910688186165309,1691,0.00402009978817758,0.9467770549970431,0.0019067587529993445,9867.58840922531,,,
1,0,hmm_current,5,5255,124,2019-07-08T15:30:00+00:00,2019-12-31T20:00:00+00:00,0.0003528364806817147,0.0005556417553301526,2.0189705894144464e-05,0.025518925562103122,0.25433712654614654,0.7022816331798429,5255,0.0010992243748292757,0.8005708848715509,0.0004939134880235581,50.0,0.023630935245768717,0.004617865163808787,0.03726643413475756
1,0,hmm_trajectory,5,5255,124,2019-07-08T15:30:00+00:00,2019-12-31T20:00:00+00:00,0.0003523236382359621,0.0005538677893980089,1.6656054385590213e-05,0.013942539103678162,0.25508315889628924,0.70362026474582,5255,0.0010505313477797286,0.7899143672692673,0.0004667106551489014,50.0,1.3194683623681718,0.7468063763054842,1.5639623919964873
1,0,momentum,5,5255,124,2019-07-08T15:30:00+00:00,2019-12-31T20:00:00+00:00,0.00036648554331861476,0.0005729621636563267,-9.738150071682807e-07,-0.026562844876140516,0.5053282588011417,13.922532915425279,0,,,,0.0,,,
1,0,raw_knn,5,5255,124,2019-07-08T15:30:00+00:00,2019-12-31T20:00:00+00:00,0.0003509453830407076,0.0005515545243182305,2.0571676813835045e-05,0.029679906171189145,0.25424608943862986,0.7019166518667164,5255,0.0009908575422344487,0.7752616555661275,0.00045155848321282264,50.0,4.45579612854427,3.598565339730659,4.791702840925758
1,0,same_time_of_day,5,5255,124,2019-07-08T15:30:00+00:00,2019-12-31T20:00:00+00:00,0.00034907248627380277,0.0005501762248291881,1.5689852464689975e-05,0.02272653347335707,0.2502900725231823,0.6937381893619556,5255,0.0012402644033875883,0.847383444338725,0.0006066534593012754,186.78744053282588,,,
1,0,unconditional,5,5255,124,2019-07-08T15:30:00+00:00,2019-12-31T20:00:00+00:00,0.00034831923593788575,0.0005497254837206724,1.5779716225608606e-05,-0.02247343675539984,0.2500271359560423,0.6932014545135692,5255,0.0012496208037941206,0.8538534728829686,0.0006141060949613582,8031.696098953378,,,
1,0,hmm_current,15,5255,124,2019-07-08T15:30:00+00:00,2019-12-31T20:00:00+00:00,0.0006048447556516457,0.0009390790441708265,4.8209329632072105e-05,-0.003237556947459562,0.2555026450999049,0.7045846068027389,5255,0.0018621761600380422,0.8013320647002854,0.000841971710284731,50.0,0.023630935245768717,0.004617865163808787,0.03726643413475756
1,0,hmm_trajectory,15,5255,124,2019-07-08T15:30:00+00:00,2019-12-31T20:00:00+00:00,0.0006037587748532221,0.0009387673254737526,4.708482742770343e-05,0.042549858694956075,0.25373587059942915,0.7009913528493625,5255,0.0018069579041160044,0.788011417697431,0.0008042698753248124,50.0,1.3194683623681718,0.7468063763054842,1.5639623919964873
1,0,momentum,15,5255,124,2019-07-08T15:30:00+00:00,2019-12-31T20:00:00+00:00,0.0006811371852200223,0.0010398612622156366,-2.412848777404716e-06,-0.038113532745693256,0.5169362511893435,14.243273690830572,0,,,,0.0,,,
1,0,raw_knn,15,5255,124,2019-07-08T15:30:00+00:00,2019-12-31T20:00:00+00:00,0.0006048993242639601,0.0009395968901995774,4.911957112463379e-05,0.0072601146456069115,0.2557915889628925,0.705206406682387,5255,0.0016894389072217215,0.773929590865842,0.0007913534964711291,50.0,4.45579612854427,3.598565339730659,4.791702840925758
1,0,same_time_of_day,15,5255,124,2019-07-08T15:30:00+00:00,2019-12-31T20:00:00+00:00,0.0005959795037845806,0.0009255974903200113,3.552112516835253e-05,0.014175679586947395,0.2508228345354245,0.6948102487204996,5255,0.0021214045397321166,0.8445290199809705,0.0010227270863957772,186.78744053282588,,,
1,0,unconditional,15,5255,124,2019-07-08T15:30:00+00:00,2019-12-31T20:00:00+00:00,0.000594717004699545,0.0009240708778296914,4.44720086621707e-05,-0.019903942883734378,0.2501017601734267,0.6933507939823429,5255,0.002150265609682442,0.8525214081826832,0.0010329364841023707,8031.696098953378,,,
1,0,hmm_current,30,5255,124,2019-07-08T15:30:00+00:00,2019-12-31T20:00:00+00:00,0.0008415973475953177,0.0013119142767715486,9.917439623720727e-05,-0.019332285060986026,0.2572542721217888,0.7082018404861665,5255,0.002565121416136572,0.7988582302568982,0.0011672524675174357,50.0,0.023630935245768717,0.004617865163808787,0.03726643413475756
1,0,hmm_trajectory,30,5255,124,2019-07-08T15:30:00+00:00,2019-12-31T20:00:00+00:00,0.0008348683455992747,0.0013128938680066616,0.0001050769775981848,0.04770195759658934,0.2539520456707897,0.7017444876532446,5255,0.0025052607447857366,0.7902949571836346,0.0011218048901779573,50.0,1.3194683623681718,0.7468063763054842,1.5639623919964873
1,0,momentum,30,5255,124,2019-07-08T15:30:00+00:00,2019-12-31T20:00:00+00:00,0.0010590953448286237,0.0016055262728395725,-1.1558336675706325e-05,-0.0456779775278409,0.5169362511893435,14.243273539281429,0,,,,0.0,,,
1,0,raw_knn,30,5255,124,2019-07-08T15:30:00+00:00,2019-12-31T20:00:00+00:00,0.0008360987989954086,0.001314940686485147,0.00012611763852565436,0.029209998524884453,0.25588666032350144,0.7058642588857656,5255,0.0023418536890471176,0.7693625118934349,0.0010990911396582012,50.0,4.45579612854427,3.598565339730659,4.791702840925758
1,0,same_time_of_day,30,5255,124,2019-07-08T15:30:00+00:00,2019-12-31T20:00:00+00:00,0.0008273791693074043,0.0012887829213858988,7.948423966023723e-05,0.0037638121309140344,0.25115387576166187,0.6954933926758723,5255,0.0029712531965358593,0.8454804947668887,0.001393132521777133,186.78744053282588,,,
1,0,unconditional,30,5255,124,2019-07-08T15:30:00+00:00,2019-12-31T20:00:00+00:00,0.0008249856819951061,0.0012871002379339603,8.496249622528652e-05,-0.030139864405051647,0.2499666405313014,0.6930816234621847,5255,0.0030065401465283383,0.8546146527117031,0.0014018793136472171,8031.696098953378,,,
1,0,hmm_current,60,5255,124,2019-07-08T15:30:00+00:00,2019-12-31T20:00:00+00:00,0.0012152919812826635,0.0018814784503524951,0.00015239763053536106,-0.022312786252979656,0.2571412369172217,0.7080564059689133,5255,0.003631946573316615,0.7874405328258801,0.0016488025810487187,50.0,0.023630935245768717,0.004617865163808787,0.03726643413475756
1,0,hmm_trajectory,60,5255,124,2019-07-08T15:30:00+00:00,2019-12-31T20:00:00+00:00,0.0012163180975811839,0.0018715839299128134,0.0001570592533711915,-0.000324375524998296,0.2584171265461465,0.7109984270364328,5255,0.003504042583864966,0.7790675547098002,0.0015967940826684566,50.0,1.3194683623681718,0.7468063763054842,1.5639623919964873
1,0,momentum,60,5255,124,2019-07-08T15:30:00+00:00,2019-12-31T20:00:00+00:00,0.001766460453097967,0.002663735945882791,-4.58495610238982e-05,-0.04377544825767974,0.5142721217887726,14.169660814106537,0,,,,0.0,,,
1,0,raw_knn,60,5255,124,2019-07-08T15:30:00+00:00,2019-12-31T20:00:00+00:00,0.001220562911194399,0.001910672211764595,0.00023840848677482654,0.0180307580911204,0.26010831588962896,0.7159805252439454,5255,0.0032452265365398273,0.7510941960038059,0.0015455625368372052,50.0,4.45579612854427,3.598565339730659,4.791702840925758
1,0,same_time_of_day,60,5255,124,2019-07-08T15:30:00+00:00,2019-12-31T20:00:00+00:00,0.001191732340563719,0.0018358324441479564,0.00012497307891120495,-0.011054126357924578,0.2512359114572342,0.6956539762725213,5255,0.004073828058011588,0.8411037107516651,0.001933899836797847,186.78744053282588,,,
1,0,unconditional,60,5255,124,2019-07-08T15:30:00+00:00,2019-12-31T20:00:00+00:00,0.001185054471478737,0.0018323997301900154,0.00012434674403439606,-0.04775981084553883,0.2496791275462439,0.6925071852670266,5255,0.004132696470319306,0.8456707897240723,0.001941929015761576,8031.696098953378,,,
1,1,hmm_current,5,1801,42,2019-07-08T15:30:00+00:00,2019-09-04T19:00:00+00:00,0.00045196623282194975,0.0006995645508835815,2.7043309339240687e-05,0.0335507863208787,0.2534991671293726,0.7005183979780308,1801,0.0012915602685706258,0.7684619655746807,0.0005631533949382394,50.0,0.028083863470977837,0.004948011731166733,0.04553778021389536
1,1,hmm_trajectory,5,1801,42,2019-07-08T15:30:00+00:00,2019-09-04T19:00:00+00:00,0.0004524830300915024,0.0006995934900054234,1.2608829036753877e-05,0.007918322591991125,0.25595580233203774,0.705346685230276,1801,0.0012499045108709315,0.756246529705719,0.0005394560385770712,50.0,1.315649755583328,0.7385932126135709,1.6003705823486427
1,1,momentum,5,1801,42,2019-07-08T15:30:00+00:00,2019-09-04T19:00:00+00:00,0.0004694042396227458,0.000723338143544412,-8.106052085366454e-06,-0.009089098295057567,0.504858411993337,13.9187033790165,0,,,,0.0,,,
1,1,raw_knn,5,1801,42,2019-07-08T15:30:00+00:00,2019-09-04T19:00:00+00:00,0.00045059909578403255,0.0006972736710981551,2.6972729105618306e-05,0.050975349091651814,0.2549903387007218,0.7033861318580404,1801,0.0011636303371396245,0.7373681288173237,0.0005189223041047514,50.0,5.434243049264848,4.408168991864295,5.868172183873859
1,1,same_time_of_day,5,1801,42,2019-07-08T15:30:00+00:00,2019-09-04T19:00:00+00:00,0.00044793757540369385,0.0006959654036940525,1.9019409192762097e-05,0.02156514004700215,0.25033274519019577,0.6938362224072886,1801,0.0012443955359233733,0.7756801776790672,0.0006049290497708858,146.60910605219323,,,
1,1,unconditional,5,1801,42,2019-07-08T15:30:00+00:00,2019-09-04T19:00:00+00:00,0.00044723506414743697,0.0006957263604905958,1.9873407038451102e-05,-0.03291393423388181,0.2499832796734734,0.6931137417959377,1801,0.001257829923115121,0.7823431426985008,0.0006140036748561885,6304.172126596335,,,
1,1,hmm_current,15,1801,42,2019-07-08T15:30:00+00:00,2019-09-04T19:00:00+00:00,0.0007828775081594466,0.001199939182317908,8.089237933633919e-05,0.003677180256514543,0.25519933370349807,0.7038595593323687,1801,0.0021774244575163584,0.7634647418101055,0.000954450015813454,50.0,0.028083863470977837,0.004948011731166733,0.04553778021389536
1,1,hmm_trajectory,15,1801,42,2019-07-08T15:30:00+00:00,2019-09-04T19:00:00+00:00,0.0007860750801050269,0.0012042437432164866,6.577168035494894e-05,0.015447808672894029,0.25544408661854523,0.7045280906325848,1801,0.002168943248732203,0.7456968350916158,0.0009292864702435044,50.0,1.315649755583328,0.7385932126135709,1.6003705823486427
1,1,momentum,15,1801,42,2019-07-08T15:30:00+00:00,2019-09-04T19:00:00+00:00,0.0008839645275990601,0.0013258356156416855,-1.4891043729073785e-05,-0.025062910519363293,0.5237368128817323,14.440333130544982,0,,,,0.0,,,
1,1,raw_knn,15,1801,42,2019-07-08T15:30:00+00:00,2019-09-04T19:00:00+00:00,0.0007860863393285942,0.0012055030495150094,7.771285095162486e-05,0.002751090546565637,0.2585401443642421,0.710979012475616,1801,0.001978739244091772,0.7257079400333148,0.0009035675030366217,50.0,5.434243049264848,4.408168991864295,5.868172183873859
1,1,same_time_of_day,15,1801,42,2019-07-08T15:30:00+00:00,2019-09-04T19:00:00+00:00,0.0007756530320117435,0.0011879231222383401,5.5723823565048747e-05,0.002972601452356106,0.2517527233514058,0.696690526907843,1801,0.002131418357041164,0.7634647418101055,0.0010213098925977708,146.60910605219323,,,
1,1,unconditional,15,1801,42,2019-07-08T15:30:00+00:00,2019-09-04T19:00:00+00:00,0.0007737387251979348,0.001185915162085586,6.056261712446377e-05,-0.05577963504971887,0.25015811457890247,0.6934635860261268,1801,0.002162391979893112,0.7712382009994447,0.0010348656567530832,6304.172126596335,,,
1,1,hmm_current,30,1801,42,2019-07-08T15:30:00+00:00,2019-09-04T19:00:00+00:00,0.0011069176458685197,0.0017132369699795417,0.00018481522442821295,-0.03903071630049638,0.2576528595224875,0.7090917472462276,1801,0.0029835759321999345,0.750694058856191,0.0013222835000605295,50.0,0.028083863470977837,0.004948011731166733,0.04553778021389536
1,1,hmm_trajectory,30,1801,42,2019-07-08T15:30:00+00:00,2019-09-04T19:00:00+00:00,0.0011068576893030744,0.001723480795330275,0.00017125034006867145,-0.010644712504934343,0.25720666296501943,0.7086892150491578,1801,0.0029834676770183663,0.7473625763464742,0.0012833419019359406,50.0,1.315649755583328,0.7385932126135709,1.6003705823486427
1,1,momentum,30,1801,42,2019-07-08T15:30:00+00:00,2019-09-04T19:00:00+00:00,0.0013952175837752216,0.002081351069381501,-2.3641403497982378e-05,-0.02419016458335463,0.5326207662409772,14.685805747425096,0,,,,0.0,,,
1,1,raw_knn,30,1801,42,2019-07-08T15:30:00+00:00,2019-09-04T19:00:00+00:00,0.0010997946684297173,0.0017217741902263084,0.0001999058076018907,0.011734446043070711,0.2577385896724042,0.7100590099513957,1801,0.0027474539650784685,0.7268184342032205,0.001256842702901325,50.0,5.434243049264848,4.408168991864295,5.868172183873859
1,1,same_time_of_day,30,1801,42,2019-07-08T15:30:00+00:00,2019-09-04T19:00:00+00:00,0.001088381605018824,0.0016878170547561645,0.00013258665307558536,-0.011841608842894709,0.25239739997475313,0.6980206815051379,1801,0.0029886405362813556,0.7651304830649639,0.001386639116969089,146.60910605219323,,,
1,1,unconditional,30,1801,42,2019-07-08T15:30:00+00:00,2019-09-04T19:00:00+00:00,0.0010847896095828034,0.0016850808419747896,0.00013466619758132172,-0.05339572281448141,0.24998427221710756,0.6931177195750119,1801,0.003043564879006211,0.779011660188784,0.0013984701251263283,6304.172126596335,,,
1,1,hmm_current,60,1801,42,2019-07-08T15:30:00+00:00,2019-09-04T19:00:00+00:00,0.001567517918570633,0.0024338226290689484,0.00028541056429628325,-0.057625640606354035,0.2598056635202665,0.7137248000638124,1801,0.0041605841572381385,0.7390338700721821,0.001813171698527588,50.0,0.028083863470977837,0.004948011731166733,0.04553778021389536
1,1,hmm_trajectory,60,1801,42,2019-07-08T15:30:00+00:00,2019-09-04T19:00:00+00:00,0.0015912632302401601,0.002437331355442665,0.0002698108903163507,-0.08385442614663689,0.2631082731815658,0.7209904001439965,1801,0.004078332672037502,0.7201554691837868,0.0017635492114582646,50.0,1.315649755583328,0.7385932126135709,1.6003705823486427
1,1,momentum,60,1801,42,2019-07-08T15:30:00+00:00,2019-09-04T19:00:00+00:00,0.0022845132835051817,0.0034210087232340925,-8.943597541975128e-05,0.004947366606879855,0.5043031649083842,13.903361015725542,0,,,,0.0,,,
1,1,raw_knn,60,1801,42,2019-07-08T15:30:00+00:00,2019-09-04T19:00:00+00:00,0.0016023320510560387,0.0025015604567132084,0.0003745851955148078,-0.04555365259162333,0.26669672404219874,0.7324603771623357,1801,0.0037363096954027538,0.7029428095502499,0.001719215744250133,50.0,5.434243049264848,4.408168991864295,5.868172183873859
1,1,same_time_of_day,60,1801,42,2019-07-08T15:30:00+00:00,2019-09-04T19:00:00+00:00,0.0015323609421369988,0.002373881420101989,0.0002110266849754431,-0.009756152714988583,0.2517283822502747,0.6966719924447988,1801,0.004088487437233276,0.7612437534702943,0.0019138307619950023,146.60910605219323,,,
1,1,unconditional,60,1801,42,2019-07-08T15:30:00+00:00,2019-09-04T19:00:00+00:00,0.0015240228869494016,0.0023701457585425458,0.00021022930988188465,-0.09109202301910865,0.24911934960190688,0.6913877581582524,1801,0.004146344318672726,0.7673514714047751,0.001924978141675695,6304.172126596335,,,
1,2,hmm_current,5,1763,41,2019-09-05T15:30:00+00:00,2019-10-31T19:00:00+00:00,0.00037629329520299756,0.0005648108419516187,3.4335800229964835e-05,0.027803872721335558,0.254689733408962,0.7032352951987334,1763,0.0011804230406829946,0.7918321043675554,0.0005328530017421479,50.0,0.02767757898915243,0.005484321474675929,0.043086506632886504
1,2,hmm_trajectory,5,1763,41,2019-09-05T15:30:00+00:00,2019-10-31T19:00:00+00:00,0.0003747263236062462,0.0005609744131616747,3.494485192580533e-05,0.018063827111220843,0.2542559273964833,0.7019670946357905,1763,0.001116870116625573,0.7736812251843449,0.0005012453073635139,50.0,1.2623791460352085,0.735851455076064,1.4821163058187048
1,2,momentum,5,1763,41,2019-09-05T15:30:00+00:00,2019-10-31T19:00:00+00:00,0.0003897576545329195,0.0005778902987397251,6.222014876977768e-06,-0.023189719167054347,0.49716392512762336,13.701902108593835,0,,,,0.0,,,
1,2,raw_knn,5,1763,41,2019-09-05T15:30:00+00:00,2019-10-31T19:00:00+00:00,0.00037380637218104316,0.0005570259545888365,3.4495650403765053e-05,0.020296778455012276,0.25435008508224616,0.7021092737346736,1763,0.0010643849956884447,0.7646057855927396,0.0004978182685561518,50.0,4.4957487361281805,3.634520193245439,4.81935578460631
1,2,same_time_of_day,5,1763,41,2019-09-05T15:30:00+00:00,2019-10-31T19:00:00+00:00,0.0003716619787216191,0.0005552865592304522,2.5122165205734707e-05,0.017134770472319937,0.2510912608649066,0.6953419372403753,1763,0.0012661152790204978,0.8321043675553035,0.0006196987288395074,188.04651162790697,,,
1,2,unconditional,5,1763,41,2019-09-05T15:30:00+00:00,2019-10-31T19:00:00+00:00,0.000370926177613495,0.0005546278387012875,2.632664750103017e-05,-0.04192535382193117,0.2500650190674238,0.6932772220859628,1763,0.0012714684663796768,0.8360748723766307,0.0006269658999472604,8086.0,,,
1,2,hmm_current,15,1763,41,2019-09-05T15:30:00+00:00,2019-10-31T19:00:00+00:00,0.0006432045913440628,0.000930767163916857,7.661093937953271e-05,-0.018170038173718206,0.2557538287010777,0.7052470312622717,1763,0.001993446008903818,0.7838910947249007,0.0009065927964198922,50.0,0.02767757898915243,0.005484321474675929,0.043086506632886504
1,2,hmm_trajectory,15,1763,41,2019-09-05T15:30:00+00:00,2019-10-31T19:00:00+00:00,0.0006433415905161285,0.0009322308631956436,7.519453812691759e-05,0.02908221387411703,0.2543841179807147,0.7023243265335328,1763,0.0018984717950352686,0.7640385706182643,0.0008662319175323725,50.0,1.2623791460352085,0.735851455076064,1.4821163058187048
1,2,momentum,15,1763,41,2019-09-05T15:30:00+00:00,2019-10-31T19:00:00+00:00,0.0007135010312290026,0.0010219737190194627,7.226621430553744e-06,-0.011510716343069324,0.5028360748723766,13.858629485799185,0,,,,0.0,,,
1,2,raw_knn,15,1763,41,2019-09-05T15:30:00+00:00,2019-10-31T19:00:00+00:00,0.0006414713403027771,0.0009269792330419082,7.28297262533175e-05,-0.0015582574686540897,0.253503800340329,0.700417954316303,1763,0.0018236919897545547,0.7566647759500851,0.0008874388729029263,50.0,4.4957487361281805,3.634520193245439,4.81935578460631
1,2,same_time_of_day,15,1763,41,2019-09-05T15:30:00+00:00,2019-10-31T19:00:00+00:00,0.000630744676856397,0.0009103927580890018,5.199446757183922e-05,0.007866312665488292,0.2507294209597005,0.6946185648928902,1763,0.002165498245793264,0.8292682926829268,0.0010448222985525155,188.04651162790697,,,
1,2,unconditional,15,1763,41,2019-09-05T15:30:00+00:00,2019-10-31T19:00:00+00:00,0.0006303698392994243,0.0009088463252891357,6.220568950737638e-05,-0.037020426873477216,0.25028013743527755,0.6937075587424242,1763,0.002195714177000218,0.8428814520703346,0.001054031966491713,8086.0,,,
1,2,hmm_current,30,1763,41,2019-09-05T15:30:00+00:00,2019-10-31T19:00:00+00:00,0.0008782549809835912,0.0012557231473687336,0.00011357715323141009,-0.01696110792295535,0.2573531480431084,0.708286691677678,1763,0.0027437465030831065,0.7867271695972774,0.0012540915170796698,50.0,0.02767757898915243,0.005484321474675929,0.043086506632886504
1,2,hmm_trajectory,30,1763,41,2019-09-05T15:30:00+00:00,2019-10-31T19:00:00+00:00,0.0008681717731275311,0.001254712019242497,0.00013395510466320562,0.055122413328881986,0.2534947249007374,0.7006000839608981,1763,0.0026498793018438363,0.7827566647759501,0.0012199454661860716,50.0,1.2623791460352085,0.735851455076064,1.4821163058187048
1,2,momentum,30,1763,41,2019-09-05T15:30:00+00:00,2019-10-31T19:00:00+00:00,0.0010875420375067164,0.0015245153680011649,-1.4270443238160465e-05,-0.016236239208583962,0.4914917753828701,13.545174706292665,0,,,,0.0,,,
1,2,raw_knn,30,1763,41,2019-09-05T15:30:00+00:00,2019-10-31T19:00:00+00:00,0.0008740923594694283,0.001255906618804118,0.00014952896218023228,0.023906899825810905,0.25699171866137266,0.7081804781817008,1763,0.0025064139281412894,0.758366420873511,0.001228101546908888,50.0,4.4957487361281805,3.634520193245439,4.81935578460631
1,2,same_time_of_day,30,1763,41,2019-09-05T15:30:00+00:00,2019-10-31T19:00:00+00:00,0.000859655762761643,0.0012225902187216072,9.136673552265292e-05,0.0191423601562846,0.2505247387257322,0.6941995440401552,1763,0.0030290272204894814,0.8304027226318775,0.0014260479346691938,188.04651162790697,,,
1,2,unconditional,30,1763,41,2019-09-05T15:30:00+00:00,2019-10-31T19:00:00+00:00,0.0008588226024019087,0.0012217731034155333,9.60257563868098e-05,-0.05486315706361531,0.25079780836601123,0.694744927278746,1763,0.0030598534210587104,0.8411798071469087,0.0014340507559506433,8086.0,,,
1,2,hmm_current,60,1763,41,2019-09-05T15:30:00+00:00,2019-10-31T19:00:00+00:00,0.0012955817662806451,0.0018402734004627252,0.0001791654227923884,-0.02327558014370081,0.25772342597844583,0.7091509172653496,1763,0.0038867507688701416,0.7799205899035735,0.0017717335178574843,50.0,0.02767757898915243,0.005484321474675929,0.043086506632886504
1,2,hmm_trajectory,60,1763,41,2019-09-05T15:30:00+00:00,2019-10-31T19:00:00+00:00,0.0012731408368796618,0.0018138386822952575,0.0001908837786910153,0.05647358688063432,0.25421849120816786,0.7021968471956751,1763,0.003749923315267949,0.7821894498014748,0.0017589528040918051,50.0,1.2623791460352085,0.735851455076064,1.4821163058187048
1,2,momentum,60,1763,41,2019-09-05T15:30:00+00:00,2019-10-31T19:00:00+00:00,0.0018237891281786239,0.00255722077640407,-5.867169274097701e-05,-0.029735249206896668,0.498298355076574,13.733247503728283,0,,,,0.0,,,
1,2,raw_knn,60,1763,41,2019-09-05T15:30:00+00:00,2019-10-31T19:00:00+00:00,0.0012828103149679952,0.0018451911002114042,0.0002654207812442486,0.043589730929027,0.2559984117980715,0.7063227459180442,1763,0.0034487789286546796,0.7402155416903006,0.001700095629003058,50.0,4.4957487361281805,3.634520193245439,4.81935578460631
1,2,same_time_of_day,60,1763,41,2019-09-05T15:30:00+00:00,2019-10-31T19:00:00+00:00,0.00126489934781453,0.0017846331534789447,0.00013575813319745254,-0.006986542282407449,0.2518803459382492,0.6969381853648043,1763,0.004147107369206961,0.8252977878615996,0.001982361303280322,188.04651162790697,,,
1,2,unconditional,60,1763,41,2019-09-05T15:30:00+00:00,2019-10-31T19:00:00+00:00,0.001260666773408878,0.0017835483821578499,0.00013529080205826514,-0.1468971171169669,0.2509720954865818,0.6950954077591853,1763,0.004217814934385689,0.8287010777084515,0.001989668165888906,8086.0,,,
1,3,hmm_current,5,1691,41,2019-11-01T15:30:00+00:00,2019-12-31T20:00:00+00:00,0.00022280274466421899,0.0003249961386246936,-1.8581380553940358e-06,0.006089941411446231,0.25486197516262565,0.7031652999209191,1691,0.0008097210084612814,0.84387936132466,0.000379572012542059,50.0,0.01466939967321572,0.0033628938782556033,0.02238915317513101
1,3,hmm_trajectory,5,1691,41,2019-11-01T15:30:00+00:00,2019-12-31T20:00:00+00:00,0.00022229229640294073,0.0003224371597066793,1.8990483476570385e-06,0.02183025495963003,0.2550162034299231,0.7035050995249311,1691,0.0007690255428107873,0.8426966292134831,0.0003532280842390872,50.0,1.383055351850441,0.7669751722467041,1.610516797145629
1,3,momentum,5,1691,41,2019-11-01T15:30:00+00:00,2019-12-31T20:00:00+00:00,0.00023260895898120554,0.0003387621049323786,-8.798404997256888e-07,-0.060969386426519515,0.514340626848019,14.156636468066344,0,,,,0.0,,,
1,3,raw_knn,5,1691,41,2019-11-01T15:30:00+00:00,2019-12-31T20:00:00+00:00,0.00022097479728959025,0.00032260301380128555,-7.625991273525679e-07,0.01213090332980238,0.25334500295683027,0.7001507584204817,1691,0.0007301876995001984,0.826729745712596,0.0003315831768930987,50.0,3.372047251318845,2.698811002510531,3.6163785201934426
1,3,same_time_of_day,5,1691,41,2019-11-01T15:30:00+00:00,2019-12-31T20:00:00+00:00,0.00022022488088738404,0.0003214220778042172,2.309782074554106e-06,0.028424111402924647,0.24940932236366056,0.6919617464144109,1691,0.001208912976162415,0.9396806623299823,0.0005948893264617297,228.26670609107038,,,
1,3,unconditional,5,1691,41,2019-11-01T15:30:00+00:00,2019-12-31T20:00:00+00:00,0.00021939939869394679,0.0003207616695691838,4.23727466000347e-07,-0.01638188792030979,0.2500343489894788,0.6932158793357598,1691,0.0012180997789357775,0.9485511531638084,0.0006008078231809121,9814.97989355411,,,
1,3,hmm_current,15,1691,41,2019-11-01T15:30:00+00:00,2019-12-31T20:00:00+00:00,0.00037523779078335487,0.0005511728431290377,-1.6210664751226577e-05,0.01631540350575685,0.255563808397398,0.7046661894000072,1691,0.0013895617736933877,0.8598462448255471,0.0006548041153033482,50.0,0.01466939967321572,0.0033628938782556033,0.02238915317513101
1,3,hmm_trajectory,15,1691,41,2019-11-01T15:30:00+00:00,2019-12-31T20:00:00+00:00,0.0003683145585479565,0.0005367562703078493,-2.1241862237949332e-06,0.10285858969325526,0.25124068598462446,0.6958348198199271,1691,0.001326014914556905,0.8580721466587817,0.0006065206335385955,50.0,1.383055351850441,0.7669751722467041,1.610516797145629
1,3,momentum,15,1691,41,2019-11-01T15:30:00+00:00,2019-12-31T20:00:00+00:00,0.00043137402487792914,0.0006318432902337179,8.271530743547138e-07,-0.09425561821542888,0.5243938497930218,14.434417205049774,0,,,,0.0,,,
1,3,raw_knn,15,1691,41,2019-11-01T15:30:00+00:00,2019-12-31T20:00:00+00:00,0.0003737968532953969,0.0005476287792338651,-6.053403718819972e-06,0.03184680264880376,0.2552494382022472,0.7040506281417603,1691,0.0012413501483758626,0.8432879952690716,0.0005716634051206202,50.0,3.372047251318845,2.698811002510531,3.6163785201934426
1,3,same_time_of_day,15,1691,41,2019-11-01T15:30:00+00:00,2019-12-31T20:00:00+00:00,0.00036837274774511735,0.0005434506143251057,-3.1705143761755027e-06,0.03158701885036987,0.24992984717671296,0.6930075033465606,1691,0.0020647681773670093,0.9467770549970431,0.0010012004790615845,228.26670609107038,,,
1,3,unconditional,15,1691,41,2019-11-01T15:30:00+00:00,2019-12-31T20:00:00+00:00,0.000366878999958453,0.0005427460118545185,8.845950015992461e-06,0.015942384688046693,0.24985576762646952,0.69285870956905,1691,0.002089966723265733,0.9491425192193969,0.001008888124908791,9814.97989355411,,,
1,3,hmm_current,30,1691,41,2019-11-01T15:30:00+00:00,2019-12-31T20:00:00+00:00,0.0005207994381609217,0.00076059434889782,-7.053393326826279e-06,0.020183349340251934,0.25672667060910703,0.7071655810387955,1691,0.0019332156729568823,0.8628030751034891,0.0009116001115219713,50.0,0.01466939967321572,0.0033628938782556033,0.02238915317513101
1,3,hmm_trajectory,30,1691,41,2019-11-01T15:30:00+00:00,2019-12-31T20:00:00+00:00,0.0005104645899855202,0.0007427283695100942,4.491310049410012e-06,0.13653219501255676,0.2509625073920757,0.6955411344123029,1691,0.0018451701468884002,0.84387936132466,0.0008474406124260747,50.0,1.383055351850441,0.7669751722467041,1.610516797145629
1,3,momentum,30,1691,41,2019-11-01T15:30:00+00:00,2019-12-31T20:00:00+00:00,0.0006714503587054417,0.0009867384477948724,4.138320460027459e-06,-0.11567635590999736,0.5267593140153756,14.499777226858273,0,,,,0.0,,,
1,3,raw_knn,30,1691,41,2019-11-01T15:30:00+00:00,2019-12-31T20:00:00+00:00,0.0005156381792633647,0.0007559733559018099,2.3121390087261383e-05,0.05733533564005393,0.25276215257244233,0.6989817980413342,1691,0.0017383020635855645,0.8261383796570076,0.0007965743369474816,50.0,3.372047251318845,2.698811002510531,3.6163785201934426
1,3,same_time_of_day,30,1691,41,2019-11-01T15:30:00+00:00,2019-12-31T20:00:00+00:00,0.0005157475779554885,0.0007544829807642108,1.0539067119444302e-05,0.022388527642139323,0.2504853846242088,0.694150641619256,1691,0.002892500858799682,0.9467770549970431,0.001365731427235787,228.26670609107038,,,
1,3,unconditional,30,1691,41,2019-11-01T15:30:00+00:00,2019-12-31T20:00:00+00:00,0.0005130037989302711,0.0007534497713321419,2.0491240277927e-05,-0.03627228143680541,0.2490813043049677,0.6913090547290098,1691,0.002911523679236976,0.9491425192193969,0.0013719690213616937,9814.97989355411,,,
1,3,hmm_current,60,1691,41,2019-11-01T15:30:00+00:00,2019-12-31T20:00:00+00:00,0.0007564452609946239,0.0010776200387360173,-1.7175350808553733e-05,0.03191551954243108,0.25369651094027207,0.7008781675416333,1691,0.0028032676345800507,0.846836191602602,0.0013455760747368918,50.0,0.01466939967321572,0.0033628938782556033,0.02238915317513101
1,3,hmm_trajectory,60,1691,41,2019-11-01T15:30:00+00:00,2019-12-31T20:00:00+00:00,0.0007577405261429619,0.0010622470850135228,1.7083744373764286e-06,0.050854073085678866,0.2577982259018332,0.7095328100598118,1691,0.0026360448439109777,0.8385570668243643,0.0012501283151818757,50.0,1.383055351850441,0.7669751722467041,1.610516797145629
1,3,momentum,60,1691,41,2019-11-01T15:30:00+00:00,2019-12-31T20:00:00+00:00,0.0011549385123938915,0.001663648916225958,1.3940238233429619e-05,-0.14425281344025317,0.5415434654050858,14.908278556910215,0,,,,0.0,,,
1,3,raw_knn,60,1691,41,2019-11-01T15:30:00+00:00,2019-12-31T20:00:00+00:00,0.0007490617912986783,0.0010631776474004423,6.521101333290026e-05,0.07474932171839968,0.2573762270845653,0.7084976462649643,1691,0.002509978969176958,0.8137196924896511,0.0011995002848921538,50.0,3.372047251318845,2.698811002510531,3.6163785201934426
1,3,same_time_of_day,60,1691,41,2019-11-01T15:30:00+00:00,2019-12-31T20:00:00+00:00,0.0007526634196786472,0.0010729237618175278,2.207739870520418e-05,-0.015798783365716787,0.25003953186628464,0.6932308492731326,1691,0.003981815658475397,0.9426374926079243,0.0019047495342025308,228.26670609107038,,,
1,3,unconditional,60,1691,41,2019-11-01T15:30:00+00:00,2019-12-31T20:00:00+00:00,0.0007452043209373379,0.001065337757688204,2.146745640139302e-05,-0.012580224560775462,0.24892729880522407,0.6910010066562792,1691,0.004029418157466826,0.9467770549970431,0.0019102107440609195,9814.97989355411,,,
5,0,hmm_current,5,5255,124,2019-07-08T15:30:00+00:00,2019-12-31T20:00:00+00:00,0.0003529472100665268,0.000555115324106524,2.065567822628754e-05,0.024849721691823798,0.2542054424357755,0.7019374897779623,5255,0.0011020169890554377,0.80209324452902,0.0004944013094005376,50.0,0.02401844797235519,0.004661947278496878,0.03791269638108744
5,0,hmm_trajectory,5,5255,124,2019-07-08T15:30:00+00:00,2019-12-31T20:00:00+00:00,0.00035236583953455124,0.0005542893948662533,1.6206205947647574e-05,0.005060780706106811,0.25509031398667936,0.7036201667218543,5255,0.0010501900236563019,0.7887725975261656,0.0004658095419313004,50.0,1.3310950264116908,0.75299461951335,1.581377424371507
5,0,momentum,5,5255,124,2019-07-08T15:30:00+00:00,2019-12-31T20:00:00+00:00,0.00036648554331861476,0.0005729621636563267,-9.738150071682807e-07,-0.026562844876140516,0.5053282588011417,13.922532915425279,0,,,,0.0,,,
5,0,raw_knn,5,5255,124,2019-07-08T15:30:00+00:00,2019-12-31T20:00:00+00:00,0.0003510911108225379,0.0005521759294639439,2.0150734723962265e-05,0.023567022455333025,0.2545370884871551,0.7024962513675072,5255,0.0009930982655476962,0.7771646051379638,0.00045192231929965285,50.0,4.4697139052193515,3.608061909617086,4.808307870914266
5,0,same_time_of_day,5,5255,124,2019-07-08T15:30:00+00:00,2019-12-31T20:00:00+00:00,0.00034902503919589635,0.0005502276402142701,1.581019052780115e-05,0.018671853075097247,0.2503370178603091,0.6938301187279036,5255,0.0012432291143093255,0.8466222645099905,0.0006074469867124551,182.86660323501428,,,
5,0,unconditional,5,5255,124,2019-07-08T15:30:00+00:00,2019-12-31T20:00:00+00:00,0.00034826843861522866,0.0005497086986335422,1.5673463803668598e-05,-0.006128283245626184,0.2500123907389324,0.6931719633029972,5255,0.001252503265874494,0.8534728829686014,0.0006150127727487493,7863.100095147479,,,
5,0,hmm_current,15,5255,124,2019-07-08T15:30:00+00:00,2019-12-31T20:00:00+00:00,0.0006051868781469036,0.0009395977425109271,5.031568582046966e-05,0.0009374878712680588,0.2550955661274977,0.7037632218080332,5255,0.0018646149597558804,0.8022835394862036,0.0008419119965170985,50.0,0.02401844797235519,0.004661947278496878,0.03791269638108744
5,0,hmm_trajectory,15,5255,124,2019-07-08T15:30:00+00:00,2019-12-31T20:00:00+00:00,0.0006040963985767976,0.0009386704246394855,4.9934332842157136e-05,0.04282263791430061,0.25379828734538534,0.7011606019318388,5255,0.0018075990059247347,0.7891531874405329,0.0008043039272667232,50.0,1.3310950264116908,0.75299461951335,1.581377424371507
5,0,momentum,15,5255,124,2019-07-08T15:30:00+00:00,2019-12-31T20:00:00+00:00,0.0006811371852200223,0.0010398612622156366,-2.412848777404716e-06,-0.038113532745693256,0.5169362511893435,14.243273690830572,0,,,,0.0,,,
5,0,raw_knn,15,5255,124,2019-07-08T15:30:00+00:00,2019-12-31T20:00:00+00:00,0.0006055609935985889,0.0009406846288192596,4.853589272447338e-05,0.004654255334626323,0.25612582302568987,0.7059240431533692,5255,0.001693279553562605,0.7746907706945766,0.000793066769636944,50.0,4.4697139052193515,3.608061909617086,4.808307870914266
5,0,same_time_of_day,15,5255,124,2019-07-08T15:30:00+00:00,2019-12-31T20:00:00+00:00,0.0005959165417399073,0.0009257024842046261,3.58566192240936e-05,0.01516967669695414,0.2507774767874924,0.6947198342587969,5255,0.00212705095216783,0.8443387250237868,0.0010239535880163476,182.86660323501428,,,
5,0,unconditional,15,5255,124,2019-07-08T15:30:00+00:00,2019-12-31T20:00:00+00:00,0.0005946974523314764,0.0009240670741698288,4.459252152934012e-05,-0.013754352257776433,0.25010212113418895,0.6933515190589387,5255,0.00215550279213944,0.8523311132254995,0.0010344383649942652,7863.100095147479,,,
5,0,hmm_current,30,5255,124,2019-07-08T15:30:00+00:00,2019-12-31T20:00:00+00:00,0.0008410745997389267,0.0013114171647996508,0.00010066411170812518,-0.016254039827605538,0.2571996955280685,0.7081082926195007,5255,0.002562242108938265,0.799429115128449,0.001167430367678172,50.0,0.02401844797235519,0.004661947278496878,0.03791269638108744
5,0,hmm_trajectory,30,5255,124,2019-07-08T15:30:00+00:00,2019-12-31T20:00:00+00:00,0.0008331232669407167,0.0013086995802336259,0.00010497329520780354,0.05678521911936191,0.2538691531874406,0.7016541080597295,5255,0.002506014941224983,0.79372026641294,0.0011231939847599322,50.0,1.3310950264116908,0.75299461951335,1.581377424371507
5,0,momentum,30,5255,124,2019-07-08T15:30:00+00:00,2019-12-31T20:00:00+00:00,0.0010590953448286237,0.0016055262728395725,-1.1558336675706325e-05,-0.0456779775278409,0.5169362511893435,14.243273539281429,0,,,,0.0,,,
5,0,raw_knn,30,5255,124,2019-07-08T15:30:00+00:00,2019-12-31T20:00:00+00:00,0.0008367253705266599,0.0013152976070319145,0.00012544292970025235,0.026998365476630013,0.2557079352997146,0.7054557282925003,5255,0.0023406808132728552,0.768791627021884,0.0011033127462458574,50.0,4.4697139052193515,3.608061909617086,4.808307870914266
5,0,same_time_of_day,30,5255,124,2019-07-08T15:30:00+00:00,2019-12-31T20:00:00+00:00,0.0008271808610753232,0.0012886536082393368,7.994477757321584e-05,0.006387801282193111,0.2510607056637783,0.695305633185517,5255,0.0029778645396727295,0.8479543292102759,0.0013939821091313413,182.86660323501428,,,
5,0,unconditional,30,5255,124,2019-07-08T15:30:00+00:00,2019-12-31T20:00:00+00:00,0.0008249458292177634,0.0012870141627173153,8.522276445391391e-05,-0.025746603828111652,0.24997505636353762,0.6930985494988139,5255,0.0030146006821909744,0.8544243577545195,0.0014030585205724337,7863.100095147479,,,
5,0,hmm_current,60,5255,124,2019-07-08T15:30:00+00:00,2019-12-31T20:00:00+00:00,0.0012136419585335864,0.0018797632593926935,0.00015368157262116264,-0.009578087517323449,0.25711231208372975,0.7080079076783686,5255,0.003623018007721913,0.7925784966698383,0.0016464563366367256,50.0,0.02401844797235519,0.004661947278496878,0.03791269638108744
5,0,hmm_trajectory,60,5255,124,2019-07-08T15:30:00+00:00,2019-12-31T20:00:00+00:00,0.001211240581741682,0.0018631558682177117,0.00015848255580512005,0.01471516638284644,0.25753941008563275,0.7092430241774553,5255,0.00350036921789694,0.7811607992388202,0.0015993539754268018,50.0,1.3310950264116908,0.75299461951335,1.581377424371507
5,0,momentum,60,5255,124,2019-07-08T15:30:00+00:00,2019-12-31T20:00:00+00:00,0.001766460453097967,0.002663735945882791,-4.58495610238982e-05,-0.04377544825767974,0.5142721217887726,14.169660814106537,0,,,,0.0,,,
5,0,raw_knn,60,5255,124,2019-07-08T15:30:00+00:00,2019-12-31T20:00:00+00:00,0.0012185582787576112,0.0019093923617848536,0.0002363753416541903,0.024843424617486044,0.2594336060894386,0.7145394163059247,5255,0.0032443810304551967,0.7509039010466223,0.0015490424547525078,50.0,4.4697139052193515,3.608061909617086,4.808307870914266
5,0,same_time_of_day,60,5255,124,2019-07-08T15:30:00+00:00,2019-12-31T20:00:00+00:00,0.00119125742310129,0.0018355672181333705,0.00012590870296825477,-0.006497918750713751,0.25098835004907594,0.695155860081775,5255,0.004082618297519424,0.8426260704091342,0.0019340028752333324,182.86660323501428,,,
5,0,unconditional,60,5255,124,2019-07-08T15:30:00+00:00,2019-12-31T20:00:00+00:00,0.0011848459484731196,0.0018320546626331765,0.00012493610515024157,-0.007482031188077883,0.24957488631846075,0.6922977947314716,5255,0.004141026689005465,0.8456707897240723,0.0019423417964691966,7863.100095147479,,,
5,1,hmm_current,5,1801,42,2019-07-08T15:30:00+00:00,2019-09-04T19:00:00+00:00,0.000452436386632035,0.0006990509241874822,2.7928981477296314e-05,0.025610879878397746,0.25321599111604665,0.6999253040272722,1801,0.0012911604752328656,0.7667962243198223,0.0005618558549318373,50.0,0.028696484529863894,0.005004464061554727,0.04656718114563661
5,1,hmm_trajectory,5,1801,42,2019-07-08T15:30:00+00:00,2019-09-04T19:00:00+00:00,0.00045241673966017786,0.0007006426688581502,1.1623803316542286e-05,-0.007893979875906244,0.2559420322043309,0.7052936548717699,1801,0.0012481140981499329,0.7551360355358134,0.0005373828714845056,50.0,1.3338594222081794,0.7441651798522705,1.6325780026524477
5,1,momentum,5,1801,42,2019-07-08T15:30:00+00:00,2019-09-04T19:00:00+00:00,0.0004694042396227458,0.000723338143544412,-8.106052085366454e-06,-0.009089098295057567,0.504858411993337,13.9187033790165,0,,,,0.0,,,
5,1,raw_knn,5,1801,42,2019-07-08T15:30:00+00:00,2019-09-04T19:00:00+00:00,0.00045021649462393,0.0006979521234511701,2.504651377933637e-05,0.048176773404792206,0.25509516935036086,0.7036356105686455,1801,0.0011644279695638736,0.7379233759022765,0.0005196550413040859,50.0,5.4510032911056046,4.41421537705302,5.890937574619096
5,1,same_time_of_day,5,1801,42,2019-07-08T15:30:00+00:00,2019-09-04T19:00:00+00:00,0.0004480571323944753,0.0006961057865601734,1.916629148071495e-05,0.013420312163035684,0.2505761474648162,0.6943232550017209,1801,0.001242687038444237,0.7723486951693503,0.0006027022614024049,142.7001665741255,,,
5,1,unconditional,5,1801,42,2019-07-08T15:30:00+00:00,2019-09-04T19:00:00+00:00,0.00044719907413849684,0.0006957262430571958,1.8773725896425083e-05,-0.027057256346112172,0.2499784773624554,0.693104136937634,1801,0.0012562287884062496,0.7779011660188784,0.0006119502817063881,6136.087729039423,,,
5,1,hmm_current,15,1801,42,2019-07-08T15:30:00+00:00,2019-09-04T19:00:00+00:00,0.0007831548260270498,0.0011995033265229209,8.419737145362561e-05,0.013123504184015087,0.25490438645197117,0.7032731887084843,1801,0.002166284540348148,0.7634647418101055,0.0009481564662558462,50.0,0.028696484529863894,0.005004464061554727,0.04656718114563661
5,1,hmm_trajectory,15,1801,42,2019-07-08T15:30:00+00:00,2019-09-04T19:00:00+00:00,0.0007851279938014125,0.0012019134444492957,6.763851280868873e-05,0.01732070071421247,0.25548206551915603,0.7046200194889483,1801,0.002167111098795628,0.7434758467518046,0.00092813286520688,50.0,1.3338594222081794,0.7441651798522705,1.6325780026524477
5,1,momentum,15,1801,42,2019-07-08T15:30:00+00:00,2019-09-04T19:00:00+00:00,0.0008839645275990601,0.0013258356156416855,-1.4891043729073785e-05,-0.025062910519363293,0.5237368128817323,14.440333130544982,0,,,,0.0,,,
5,1,raw_knn,15,1801,42,2019-07-08T15:30:00+00:00,2019-09-04T19:00:00+00:00,0.0007863340499156531,0.0012069774665683004,7.522734715020167e-05,-0.0007723690783544827,0.25893703498056636,0.7118337070495995,1801,0.0019778932377944175,0.7262631871182677,0.0009039505531971888,50.0,5.4510032911056046,4.41421537705302,5.890937574619096
5,1,same_time_of_day,15,1801,42,2019-07-08T15:30:00+00:00,2019-09-04T19:00:00+00:00,0.0007753962670607403,0.0011878353483868206,5.5717812861320153e-05,0.007918083715092348,0.2516448942243334,0.6964757476397015,1801,0.002128424140039636,0.7612437534702943,0.0010166985081590493,142.7001665741255,,,
5,1,unconditional,15,1801,42,2019-07-08T15:30:00+00:00,2019-09-04T19:00:00+00:00,0.0007737389996827809,0.0011859113779163467,6.061244189322685e-05,-0.013168590854102597,0.25017055055366005,0.6934884718118353,1801,0.0021568322734854895,0.7701277068295391,0.001030814260826284,6136.087729039423,,,
5,1,hmm_current,30,1801,42,2019-07-08T15:30:00+00:00,2019-09-04T19:00:00+00:00,0.001104551633597761,0.00170843866379012,0.0001848636501743397,-0.027572502908757773,0.25739700166574125,0.7085716375738601,1801,0.0029614666334407884,0.7501388117712382,0.0013156079670009293,50.0,0.028696484529863894,0.005004464061554727,0.04656718114563661
5,1,hmm_trajectory,30,1801,42,2019-07-08T15:30:00+00:00,2019-09-04T19:00:00+00:00,0.0011042752835299528,0.0017156518413512002,0.00016383186136883148,-0.004016275698321761,0.2575018323153804,0.7092920308024362,1801,0.0029748314113928883,0.7501388117712382,0.0012834901081988646,50.0,1.3338594222081794,0.7441651798522705,1.6325780026524477
5,1,momentum,30,1801,42,2019-07-08T15:30:00+00:00,2019-09-04T19:00:00+00:00,0.0013952175837752216,0.002081351069381501,-2.3641403497982378e-05,-0.02419016458335463,0.5326207662409772,14.685805747425096,0,,,,0.0,,,
5,1,raw_knn,30,1801,42,2019-07-08T15:30:00+00:00,2019-09-04T19:00:00+00:00,0.00109908289863181,0.0017204666430791242,0.00019632334475645316,0.010477396720805651,0.25733014991671294,0.7091488958856832,1801,0.002736381752896855,0.7262631871182677,0.0012577592603250608,50.0,5.4510032911056046,4.41421537705302,5.890937574619096
5,1,same_time_of_day,30,1801,42,2019-07-08T15:30:00+00:00,2019-09-04T19:00:00+00:00,0.0010881974302900538,0.0016873207899926633,0.00013232050451768792,-0.007545067010365234,0.25225129941123886,0.6977235057571127,1801,0.0029816062322487206,0.7690172126596335,0.0013777859349087358,142.7001665741255,,,
5,1,unconditional,30,1801,42,2019-07-08T15:30:00+00:00,2019-09-04T19:00:00+00:00,0.0010847690880284762,0.0016849333875216818,0.00013469735280174667,-0.03469213888530165,0.2500548263833909,0.6932593386211325,1801,0.0030360695610569853,0.7773459189339256,0.0013902062015195297,6136.087729039423,,,
5,1,hmm_current,60,1801,42,2019-07-08T15:30:00+00:00,2019-09-04T19:00:00+00:00,0.0015626330586962587,0.00242757069685671,0.00028123911626974445,-0.04443288262165076,0.2592375347029428,0.7125552813276528,1801,0.004115375557305275,0.7429205996668518,0.001798267067816665,50.0,0.028696484529863894,0.005004464061554727,0.04656718114563661
5,1,hmm_trajectory,60,1801,42,2019-07-08T15:30:00+00:00,2019-09-04T19:00:00+00:00,0.001584983083530854,0.002426501995311891,0.0002671991235198163,-0.05981098286706402,0.2606158800666296,0.7157896499622877,1801,0.0040540900610777095,0.7284841754580789,0.0017604331594171124,50.0,1.3338594222081794,0.7441651798522705,1.6325780026524477
5,1,momentum,60,1801,42,2019-07-08T15:30:00+00:00,2019-09-04T19:00:00+00:00,0.0022845132835051817,0.0034210087232340925,-8.943597541975128e-05,0.004947366606879855,0.5043031649083842,13.903361015725542,0,,,,0.0,,,
5,1,raw_knn,60,1801,42,2019-07-08T15:30:00+00:00,2019-09-04T19:00:00+00:00,0.0015966097116100974,0.002496960293300184,0.00036736706471470837,-0.03465270220524381,0.2652293170460855,0.7292810547572153,1801,0.0037120845487531935,0.6979455857856747,0.0017112602361670668,50.0,5.4510032911056046,4.41421537705302,5.890937574619096
5,1,same_time_of_day,60,1801,42,2019-07-08T15:30:00+00:00,2019-09-04T19:00:00+00:00,0.0015309767906080249,0.0023725755362846777,0.0002102619192759263,0.005377454963082434,0.2512953087227533,0.6957988851689494,1801,0.004081861584939519,0.7617990005552471,0.0019000047900729472,142.7001665741255,,,
5,1,unconditional,60,1801,42,2019-07-08T15:30:00+00:00,2019-09-04T19:00:00+00:00,0.001523720055077026,0.002369666012195664,0.0002084189313810341,-0.025338130607002806,0.24896678359838392,0.6910807504866765,1801,0.004135507599754832,0.7673514714047751,0.0019117170390341059,6136.087729039423,,,
5,2,hmm_current,5,1763,41,2019-09-05T15:30:00+00:00,2019-10-31T19:00:00+00:00,0.0003760458956322211,0.0005638987265088607,3.442017168452699e-05,0.0349337239144796,0.25429290981281905,0.7022146760743387,1763,0.0011830796692114533,0.792966534316506,0.0005338052401739379,50.0,0.028095524646017733,0.005525503163608927,0.043778375258590956
5,2,hmm_trajectory,5,1763,41,2019-09-05T15:30:00+00:00,2019-10-31T19:00:00+00:00,0.00037518682510807725,0.0005611236698030089,3.462373613160613e-05,0.007381323139433647,0.25451366988088486,0.7024978122491489,1763,0.0011137486274114294,0.7731140102098696,0.0004995376347255071,50.0,1.2697262800338196,0.7406675777901063,1.4921634536977642
5,2,momentum,5,1763,41,2019-09-05T15:30:00+00:00,2019-10-31T19:00:00+00:00,0.0003897576545329195,0.0005778902987397251,6.222014876977768e-06,-0.023189719167054347,0.49716392512762336,13.701902108593835,0,,,,0.0,,,
5,2,raw_knn,5,1763,41,2019-09-05T15:30:00+00:00,2019-10-31T19:00:00+00:00,0.00037435964120250114,0.0005578238569140973,3.521131386219528e-05,0.00820979364316921,0.25486579693703915,0.7031565844747628,1763,0.001062650461764014,0.7640385706182643,0.0004945365113881891,50.0,4.507912689571072,3.645574984908538,4.831614878355142
5,2,same_time_of_day,5,1763,41,2019-09-05T15:30:00+00:00,2019-10-31T19:00:00+00:00,0.00037173274461927905,0.0005553900537018992,2.516591305883692e-05,0.011620474134283793,0.2511094761289369,0.6953780837678447,1763,0.0012686953323106317,0.8298355076574021,0.0006210649530116785,184.04651162790697,,,
5,2,unconditional,5,1763,41,2019-09-05T15:30:00+00:00,2019-10-31T19:00:00+00:00,0.00037084032555254385,0.0005545944048034392,2.678419678999115e-05,-0.0008636631339261427,0.2500440161133247,0.6932352146435228,1763,0.0012745254721998676,0.8383437322745321,0.000628421300166917,7914.0,,,
5,2,hmm_current,15,1763,41,2019-09-05T15:30:00+00:00,2019-10-31T19:00:00+00:00,0.0006438410761741706,0.0009326898452843589,8.021122910714604e-05,-0.01671497211258342,0.255103800340329,0.703920925698164,1763,0.0020003943703354927,0.7838910947249007,0.0009099941061736784,50.0,0.028095524646017733,0.005525503163608927,0.043778375258590956
5,2,hmm_trajectory,15,1763,41,2019-09-05T15:30:00+00:00,2019-10-31T19:00:00+00:00,0.0006445037129142098,0.0009345258684370055,8.170234043908787e-05,0.03369806695586204,0.25379262620533183,0.7012389487203213,1763,0.0018947723155116388,0.7680090754395916,0.0008655384406657811,50.0,1.2697262800338196,0.7406675777901063,1.4921634536977642
5,2,momentum,15,1763,41,2019-09-05T15:30:00+00:00,2019-10-31T19:00:00+00:00,0.0007135010312290026,0.0010219737190194627,7.226621430553744e-06,-0.011510716343069324,0.5028360748723766,13.858629485799185,0,,,,0.0,,,
5,2,raw_knn,15,1763,41,2019-09-05T15:30:00+00:00,2019-10-31T19:00:00+00:00,0.0006423418918263781,0.0009279401160424691,7.331624521338677e-05,-0.0053396030725932015,0.2539119682359614,0.7012866337924952,1763,0.0018214627777626347,0.7560975609756098,0.0008857201390009937,50.0,4.507912689571072,3.645574984908538,4.831614878355142
5,2,same_time_of_day,15,1763,41,2019-09-05T15:30:00+00:00,2019-10-31T19:00:00+00:00,0.0006310128963883582,0.0009109742202576223,5.2930890613189835e-05,0.0018920499216928542,0.25077890802237,0.6947177015092131,1763,0.002170616540407965,0.8298355076574021,0.0010477119376748594,184.04651162790697,,,
5,2,unconditional,15,1763,41,2019-09-05T15:30:00+00:00,2019-10-31T19:00:00+00:00,0.0006303572268947115,0.0009088415865834333,6.234255230503778e-05,-0.006844566693062667,0.2502471644194265,0.6936415903255174,1763,0.0022019641652565682,0.84344866704481,0.0010570924215653548,7914.0,,,
5,2,hmm_current,30,1763,41,2019-09-05T15:30:00+00:00,2019-10-31T19:00:00+00:00,0.000878494119822568,0.0012604028095336986,0.00011776477280659407,-0.021789165807714898,0.25708859897901304,0.7077894511641797,1763,0.0027442226050282104,0.7901304594441293,0.0012584130552652664,50.0,0.028095524646017733,0.005525503163608927,0.043778375258590956
5,2,hmm_trajectory,30,1763,41,2019-09-05T15:30:00+00:00,2019-10-31T19:00:00+00:00,0.0008655854445248585,0.0012526671162254126,0.00014103775854054754,0.07744478245694109,0.2527811684628474,0.6993772618801718,1763,0.0026517978798695713,0.7867271695972774,0.0012207627640718531,50.0,1.2697262800338196,0.7406675777901063,1.4921634536977642
5,2,momentum,30,1763,41,2019-09-05T15:30:00+00:00,2019-10-31T19:00:00+00:00,0.0010875420375067164,0.0015245153680011649,-1.4270443238160465e-05,-0.016236239208583962,0.4914917753828701,13.545174706292665,0,,,,0.0,,,
5,2,raw_knn,30,1763,41,2019-09-05T15:30:00+00:00,2019-10-31T19:00:00+00:00,0.0008767548025140665,0.0012583665582003207,0.00014864543066521569,0.01831228141872259,0.257370845150312,0.7089472322887607,1763,0.0024953979479971316,0.7566647759500851,0.0012302908170343098,50.0,4.507912689571072,3.645574984908538,4.831614878355142
5,2,same_time_of_day,30,1763,41,2019-09-05T15:30:00+00:00,2019-10-31T19:00:00+00:00,0.0008602579745577895,0.0012233282505125136,9.305265044348971e-05,0.01575288069603946,0.2506971427805912,0.6945481203038664,1763,0.0030368839792325997,0.8315371525808282,0.0014303256937297497,184.04651162790697,,,
5,2,unconditional,30,1763,41,2019-09-05T15:30:00+00:00,2019-10-31T19:00:00+00:00,0.0008588108685049717,0.0012217601856366288,9.653746785851498e-05,-0.005347877980863824,0.2507434448620575,0.6946359333978688,1763,0.003069775390954412,0.8411798071469087,0.0014385560946415608,7914.0,,,
5,2,hmm_current,60,1763,41,2019-09-05T15:30:00+00:00,2019-10-31T19:00:00+00:00,0.001296719096868872,0.0018447466311057841,0.00018531612342352068,-0.004997513761143364,0.25848871242200794,0.7108217125516533,1763,0.0038859695979769093,0.7827566647759501,0.0017747199744897182,50.0,0.028095524646017733,0.005525503163608927,0.043778375258590956
5,2,hmm_trajectory,60,1763,41,2019-09-05T15:30:00+00:00,2019-10-31T19:00:00+00:00,0.0012651330366685364,0.0018029523098071906,0.00019431596795089614,0.07102329577344843,0.2536937039137833,0.7012602706908907,1763,0.0037563341320855357,0.7770845150311968,0.001762470625504259,50.0,1.2697262800338196,0.7406675777901063,1.4921634536977642
5,2,momentum,60,1763,41,2019-09-05T15:30:00+00:00,2019-10-31T19:00:00+00:00,0.0018237891281786239,0.00255722077640407,-5.867169274097701e-05,-0.029735249206896668,0.498298355076574,13.733247503728283,0,,,,0.0,,,
5,2,raw_knn,60,1763,41,2019-09-05T15:30:00+00:00,2019-10-31T19:00:00+00:00,0.0012840154432070211,0.0018482602996831151,0.00026197146603604873,0.045338450136556116,0.2558026091888826,0.7058673838933478,1763,0.0034428185414688466,0.7413499716392513,0.001702031431096301,50.0,4.507912689571072,3.645574984908538,4.831614878355142
5,2,same_time_of_day,60,1763,41,2019-09-05T15:30:00+00:00,2019-10-31T19:00:00+00:00,0.0012658699696196415,0.0017859716975816005,0.00013875493085151064,-0.015864697071164568,0.2519411393475111,0.6970640342580606,1763,0.004154696000444481,0.8287010777084515,0.0019866883893567646,184.04651162790697,,,
5,2,unconditional,60,1763,41,2019-09-05T15:30:00+00:00,2019-10-31T19:00:00+00:00,0.0012604509252779244,0.0017833689619344963,0.00013837862248170486,-0.015435651877069042,0.2508514791579632,0.694853562637594,1763,0.004227146022382357,0.8281338627339762,0.001994190683557829,7914.0,,,
5,3,hmm_current,5,1691,41,2019-11-01T15:30:00+00:00,2019-12-31T20:00:00+00:00,0.00022290404646700028,0.0003250289042739135,-1.4413182976290533e-06,0.005210370247027529,0.2551680662329982,0.7037915803140244,1691,0.000816055472958097,0.8492016558249557,0.00038147714236601657,50.0,0.01478543199616345,0.003396825012536069,0.02257980523857311
5,3,hmm_trajectory,5,1691,41,2019-11-01T15:30:00+00:00,2019-12-31T20:00:00+00:00,0.00022201393610913445,0.00032199122186309006,1.88497674853562e-06,0.026585950251722733,0.25478438793613245,0.7030079602034524,1691,0.0007731261108335229,0.8409225310467179,0.00035441616870746307,50.0,1.3921325326415612,0.7752503234682189,1.6198587897256378
5,3,momentum,5,1691,41,2019-11-01T15:30:00+00:00,2019-12-31T20:00:00+00:00,0.00023260895898120554,0.0003387621049323786,-8.798404997256888e-07,-0.060969386426519515,0.514340626848019,14.156636468066344,0,,,,0.0,,,
5,3,raw_knn,5,1691,41,2019-11-01T15:30:00+00:00,2019-12-31T20:00:00+00:00,0.00022125832827600767,0.00032290637582335044,-7.653499001853243e-07,0.0071460382219950755,0.2536,0.7005943275417581,1691,0.0007381099043043468,0.8326434062684802,0.00033535493137412187,50.0,3.384766157854937,2.710357624229181,3.6309534353786876
5,3,same_time_of_day,5,1691,41,2019-11-01T15:30:00+00:00,2019-12-31T20:00:00+00:00,0.00021987631979195527,0.00032118529863973787,2.4817004991708598e-06,0.03556768494358519,0.24927698453960656,0.6916910289617529,1691,0.0012172559246562927,0.9432288586635127,0.0005983025607502255,224.41573033707866,,,
5,3,unconditional,5,1691,41,2019-11-01T15:30:00+00:00,2019-12-31T20:00:00+00:00,0.0002193693781492956,0.0003207328154094052,7.877191058914875e-07,0.024702357510637447,0.2500155382587321,0.693178257312857,1691,0.001225575521444378,0.9497338852749853,0.000604295039176344,9649.387936132465,,,
5,3,hmm_current,15,1691,41,2019-11-01T15:30:00+00:00,2019-12-31T20:00:00+00:00,0.0003753420376654044,0.0005515416929219333,-1.693845885115917e-05,0.016759835487906913,0.25529059727971615,0.7041207130286053,1691,0.001401761018006307,0.8628030751034891,0.0006577753617896979,50.0,0.01478543199616345,0.003396825012536069,0.02257980523857311
5,3,hmm_trajectory,15,1691,41,2019-11-01T15:30:00+00:00,2019-12-31T20:00:00+00:00,0.00036916085855527846,0.0005376310187508052,-2.0421458764190165e-06,0.09541467299539141,0.2520108811354228,0.6973944656761031,1691,0.001333815549944729,0.8598462448255471,0.0006085781056506609,50.0,1.3921325326415612,0.7752503234682189,1.6198587897256378
5,3,momentum,15,1691,41,2019-11-01T15:30:00+00:00,2019-12-31T20:00:00+00:00,0.00043137402487792914,0.0006318432902337179,8.271530743547138e-07,-0.09425561821542888,0.5243938497930218,14.434417205049774,0,,,,0.0,,,
5,3,raw_knn,15,1691,41,2019-11-01T15:30:00+00:00,2019-12-31T20:00:00+00:00,0.000374681633455109,0.000548275966517156,-5.7273070736880355e-06,0.03235006168252655,0.25543985807214664,0.7044648166756102,1691,0.0012565106182780715,0.8456534594914252,0.0005783715689386467,50.0,3.384766157854937,2.710357624229181,3.6309534353786876
5,3,same_time_of_day,15,1691,41,2019-11-01T15:30:00+00:00,2019-12-31T20:00:00+00:00,0.00036817091279369867,0.0005431947731551652,-3.0978161393727894e-06,0.040732886035515385,0.24985214144104662,0.6928519218037449,1691,0.00208016789869386,0.94795978710822,0.001006910671620746,224.41573033707866,,,
5,3,unconditional,15,1691,41,2019-11-01T15:30:00+00:00,2019-12-31T20:00:00+00:00,0.00036683109553982483,0.0005427429660574738,9.024703177527601e-06,-0.012339725501962199,0.24987802137289905,0.692903235468788,1691,0.0021056472056759676,0.9491425192193969,0.00101467958904613,9649.387936132465,,,
5,3,hmm_current,30,1691,41,2019-11-01T15:30:00+00:00,2019-12-31T20:00:00+00:00,0.0005214455329812569,0.0007613549981293442,-6.8414082766488605e-06,0.018862093981781625,0.25710538143110584,0.7079472241528714,1691,0.0019473189964393778,0.8616203429923123,0.0009147571952379987,50.0,0.01478543199616345,0.003396825012536069,0.02257980523857311
5,3,hmm_trajectory,30,1691,41,2019-11-01T15:30:00+00:00,2019-12-31T20:00:00+00:00,0.0005104883757768748,0.0007426282807519541,4.685934763309764e-06,0.1315388959010025,0.2511344766410408,0.6958931269567997,1691,0.0018547116984084211,0.8474275576581904,0.000850747458301959,50.0,1.3921325326415612,0.7752503234682189,1.6198587897256378
5,3,momentum,30,1691,41,2019-11-01T15:30:00+00:00,2019-12-31T20:00:00+00:00,0.0006714503587054417,0.0009867384477948724,4.138320460027459e-06,-0.11567635590999736,0.5267593140153756,14.499777226858273,0,,,,0.0,,,
5,3,raw_knn,30,1691,41,2019-11-01T15:30:00+00:00,2019-12-31T20:00:00+00:00,0.0005155675960079298,0.0007568080897543314,2.576129947112871e-05,0.06053844381443389,0.25224648137196926,0.6978821526681778,1691,0.0017579346862582343,0.826729745712596,0.0008064348570343332,50.0,3.384766157854937,2.710357624229181,3.6309534353786876
5,3,same_time_of_day,30,1691,41,2019-11-01T15:30:00+00:00,2019-12-31T20:00:00+00:00,0.0005146996119769684,0.0007537311847603545,1.0496011105275539e-05,0.03854560206318928,0.2501717062692675,0.6935202438945095,1691,0.0029123470587304415,0.9491425192193969,0.0013733408141153262,224.41573033707866,,,
5,3,unconditional,30,1691,41,2019-11-01T15:30:00+00:00,2019-12-31T20:00:00+00:00,0.0005129140412926056,0.0007533658913064548,2.0733376093914827e-05,-0.06620135240920975,0.24908899206510693,0.6913244578232791,1691,0.00293421128988605,0.9503252513305737,0.0013797378839848576,9649.387936132465,,,
5,3,hmm_current,60,1691,41,2019-11-01T15:30:00+00:00,2019-12-31T20:00:00+00:00,0.0007553344681266779,0.0010753609825221834,-1.5155121155095867e-05,0.03856905103206395,0.2534138379657008,0.7002311141041752,1691,0.0028244848318382974,0.8557066824364281,0.0013510453843068048,50.0,0.01478543199616345,0.003396825012536069,0.02257980523857311
5,3,hmm_trajectory,60,1691,41,2019-11-01T15:30:00+00:00,2019-12-31T20:00:00+00:00,0.0007569989236941699,0.0010619321913189217,5.334806504604787e-06,0.05233176999884881,0.2582722649319929,0.7105931846495612,1691,0.0026437652070849605,0.8415138971023063,0.0012577346587780097,50.0,1.3921325326415612,0.7752503234682189,1.6198587897256378
5,3,momentum,60,1691,41,2019-11-01T15:30:00+00:00,2019-12-31T20:00:00+00:00,0.0011549385123938915,0.001663648916225958,1.3940238233429619e-05,-0.14425281344025317,0.5415434654050858,14.908278556910215,0,,,,0.0,,,
5,3,raw_knn,60,1691,41,2019-11-01T15:30:00+00:00,2019-12-31T20:00:00+00:00,0.0007476702766927749,0.0010619907472573372,7.017660687168927e-05,0.08092293540171464,0.2570464813719693,0.7078801036463142,1691,0.0025393666198273083,0.8172678888231816,0.0012167693680453953,50.0,3.384766157854937,2.710357624229181,3.6309534353786876
5,3,same_time_of_day,60,1691,41,2019-11-01T15:30:00+00:00,2019-12-31T20:00:00+00:00,0.000751649794247663,0.001072267669628928,2.2675088344779675e-05,-0.004840968837304387,0.24966806613161044,0.6924815849458835,1691,0.004008277581433991,0.9432288586635127,0.0019152837681808434,224.41573033707866,,,
5,3,unconditional,60,1691,41,2019-11-01T15:30:00+00:00,2019-12-31T20:00:00+00:00,0.0007451038786324896,0.0010649432107953133,2.200782123715629e-05,0.008807031234892211,0.24889159821841075,0.6909294197263752,1691,0.004057118643468463,0.9473684210526315,0.00192090217506372,9649.387936132465,,,
